Q,A,RAG
"What is the name of the character who often says, “Oh my God, they killed Kenny!”",Stan Marsh.,"
data/scripts/It's_Christmas_in_Canada.md Kenny : (Aah!) [Kenny explodes and pieces of him splatter all over the boys]

Stan : Oh my God, they've killed Kenny!
data/scripts/Fat_Camp.md a tight virgin flower. Stan : [pointing] Oh my God, they've killed Kenny! ...Sort of. Kyle : Yeah. They've kinda killed Kenny -'s look-alike. You bastards! Announcer : Well, he gave his life for our amusement. One little boy who dared to be different. Let us never forget... Kenny McCormick. [Ms.
data/scripts/Death.md Kyle : Oh my God, they killed Kenny. You Bastard!!!

Stan : Wow, I guess Death was just coming after Kenny the whole time.

Grandpa : Hey, you were supposed to kill me!

Death : Mrrr.

Grandpa : That's not fair, Goddammit! My grandpa asked me to kill him and I did it.
data/scripts/Cherokee_Hair_Tampons.md Stan : Nobody wants to listen, Kenny.

Kenny : (I know.)

Stan : I don't know what else to do. I mean, he could die, Kenny. And that means we'd never see him again.

Kenny : (Uh huh.)
data/scripts/Chickenlover.md Kenny : (Daaarrrggghh--)

Scene Description : Kenny flies into the brick wall at the other end of the yard.

Kenny : (-ooggghhh...)

Stan : Oh, my God! They've killed--

Kenny : (Hey.)

Stan : Oh, never mind. [Smiles.]

Mayor McDaniels : Well, how's the reading coming along?
data/scripts/Do_the_Handicapped_Go_to_Hell?.md Stan : Uh, come on, let's go. [the kids begin to cross the street, Kenny first, but...]

Kenny : (Yow!) [a tour bus slams into Kenny and takes him away. The other kids freeze where they are, petrified]

Stan : [finally reacts, shrilly] ...Oh my God, they've killed Kenny!
data/scripts/Ike's_Wee_Wee.md Stan : Oh my God, they've killed Kenny!

Kyle : [Flatly] You bastards.

Scene Description : Kyle keeps walking. The crowds reconvenes, this time for Kenny's funeral.

Father Maxi : [Removes kippah and scarf.] ""Yea, let us ponder the Lord's mercy. Ashes to ashes, dust to dust.""
data/scripts/Damien.md Scene Description : Kenny is highlighted.

Jimbo : Ih-it's comin' right for us!

Scene Description : Jimbo pulls out a semi-automatic and fires away at Kenny. Kenny is soon on the floor with his head blown off.

Stan : Oh my God, they killed Kenny.

Kyle : You bastard!
data/scripts/Cartman's_Silly_Hate_Crime_2000.md Kenny : (Huh? Uh.) [the sled hits a rock, tossing him through the air] (AAAAAA!) [slams into a tree and sticks] (Ufff!) [the brick rider slams into him, killing him] (Ugh!)

Stan : [looks up] Ooh, my God, we killed Kenny.

Kyle : We killed Kenny?
data/scripts/The_Mexican_Staring_Frog_of_Southern_Sri_Lanka.md Scene Description : Kenny begins crying.

Kenny : [Sobbing.] (OW! OW! DUDE, PLEASE STOP!! OH, FUCK! YIKES!!!!!)

Scene Description : The 3 men, Stan, & Kyle gasp in horror to see what happened.

Stan : Oh, my God! They've killed Kenny!

Kyle : You bastards!"
Which character is known for his catchphrase “Respect my authority”?,Eric Cartman.,"
data/scripts/Stunning_and_Brave.md Cartman : Oh God!

PC Principal : You dare to use words that alienate two communities of people who have to deal with verbal biases like yours on a daily basis?! [beats him up some more. The other boys leave the window and walk away.]
data/scripts/PC_Principal_Final_Justice.md PC Principal : Alright everyone, listen up. I don't know about you, but I for one am sick and tired of hate speech that serves to marginalize others.

Russian 1 : [balding, with facial stubble] Is it him?

Russian 2 : [with mustache] Yes, it's him. PC Principal.
data/scripts/Buddha_Box.md Scene Description : The Principal's office. Cartman has earned a trip there for calling his teacher a ""dumb bitch""

PC Principal : I don't know what makes you think you're different from everyone else, but nobody gets away with slandering teachers at this school!
data/scripts/PC_Principal_Final_Justice.md PC Principal : Alright everyone, listen up. I don't know about you, but I for one am sick and tired of hate speech that serves to marginalize others. Russian 1 : [balding, with facial stubble] Is it him? Russian 2 : [with mustache] Yes, it's him. PC Principal. PC Principal : [walks up to the bar
data/scripts/SUPER_HARD_PCness.md really respect her. PC Principal : Do you know, uh, [begins to fumble on his words] Do you know if Strong Woman has a boyfriend? Mr. Mackey : What?? PC Principal : No-nothing. Just forget it. [leaves his desk and walks towards the door] Mr. Mackey : Are you out of your fuckin' mind?! Askin' if a
data/scripts/Buddha_Box.md PC Principal : I'm not Harvey Weinstein, all right?! I have nothing but respect for females at my workplace, and I would never compromise that position!
data/scripts/Board_Girls.md PC Principal : I, I-I don't know why she has such a grudge against you, and I-

Strong Woman : Because I know her.

PC Principal : [jaw drops] What do you mean?

Strong Woman : It's Blade Jaggart. He - she - is my ex-boyfriend.

PC Principal : ... What?
data/scripts/Stunning_and_Brave.md bro! [now the boys are afraid of the next move] Cartman : Oh-kay. Look, you don't want to end up like the spokesman for Subway, so you? PC Principal : Did you just use a term that excludes women from an occupation?! [picks Cartman up...] Cartman : Okay, let's back up. [...and slams him against the
data/scripts/Where_My_Country_Gone?.md Mr. Garrsion : What?!

Mr. Mackey : [bowing profusely] Yes, PC Principal! R-right away! M'kay?

PC Principal : You're on thin ice, Garrison! Get in line or you'll be out of a job, bro!
data/scripts/Stunning_and_Brave.md sports a goatee, a hint of a mustache, and Oakley sunglasses. He swallows the last of the drink and throws the bottle off to one side] PC Principal : Alright, listen up. My name is PC Principal. I don't know about you, but frankly I'm sick and tired of how minority groups are marginalized in"
What is the name of Stan’s dog?,Sparky.,"
data/scripts/Big_Gay_Al's_Big_Gay_Boat_Ride.md back to study the situation, then... Stan : He's just confused. Kyle : I think the other dog's the one that's confused. Kenny : (No, check his penis.) Scene Description : Kyle smiles. Stan : Sick, shut up dude! Scene Description : Sparky pants happily while Sylvester slinks away. Cartman : Stan's
data/scripts/Big_Gay_Al's_Big_Gay_Boat_Ride.md Stan : That's my new dog Sparky. He followed me to the bus stop.

Kyle : Wow! Cool!

Stan : Good boy, Sparky. Who's my best buddy? Who's your boy? Who's your buddy?

Cartman : Eh. You're making me sick, dude.

Stan : He's part Doberman and part wolf. He's the toughest dog on the mountain.
data/scripts/The_Cissy.md Scene Description : South Park Elementary, later. Stan is at his locker

Cartman : [runs up to Stan] Dude! You need to put a tighter leash on your dog!

Stan : [surprised] What?
data/scripts/Ike's_Wee_Wee.md Scene Description : Stan's hand is up.

Mr. Mackey : Yes, Stan?

Stan : Why do dogs have cold noses?

Scene Description : Stan points to the center of his face, where his nose should be.

Mr. Mackey : Uhhh, well, I'm not sure.

Stan : Oh.
data/scripts/Are_You_There_God?_It's_Me,_Jesus.md Stan : What do you mean?
data/scripts/ManBearPig.md Stan : Who?
data/scripts/Big_Gay_Al's_Big_Gay_Boat_Ride.md that? Stan : That's my new dog Sparky. He followed me to the bus stop. Kyle : Wow! Cool! Stan : Good boy, Sparky. Who's my best buddy? Who's your boy? Who's your buddy? Cartman : Eh. You're making me sick, dude. Stan : He's part Doberman and part wolf. He's the toughest dog on the mountain. Cartman
data/scripts/Douche_and_Turd.md Stan : Awww!

Blonde PETA member 2 : Come, you can live with us.

Bearded PETA member : We will give you food and shelter.

Stan : What about me?
data/scripts/Whale_Whores.md Stan : Ummm, where did you get that picture?
data/scripts/Douche_and_Turd.md Stan : What about me?

Bearded PETA member : Open the gate! [A pair of gates open up to the PETA compound. The members lead the horse in and Stan trails along. They approach whom looks to be the leader of the compound. The compound itself has all kinds of animals - it's an animal sanctuary]"
What is the name of the mayor of South Park?,Mayor McDaniels.,"
data/scripts/The_City_Part_of_Town.md : South Park City Hall, day, the Mayor's office. Mayor McDaniels : I've called you all here because South Park has an image problem. Thanks to Mr. Garrison we are now being referred to as the shit-heads of America. One of our more politically sensitive citizens has proposed an idea for this crisis
data/scripts/Weight_Gain_4000.md Hall. Mayor's Office. Mayor McDaniels : Kathie Lee Gifford in South Park! Oh my God! This is our chance to make a name for ourselves; to show that we're not just some piss-ant white-bread mountain town. Ted : Better yet, it's a chance for you to get some publicity. Mayor McDaniels : Yes! If I can
data/scripts/Die_Hippie,_Die.md Cartman : Please, I have to talk to you all right now! Mayor McDaniels : Kid, we're have a city council meeting. Cartman : Mayor, something very big is happening, and if you all don't give me a moment of your time, there may be no more South Park to council over! Randy : [Secretary of Parks and
data/scripts/The_City_Part_of_Town.md Mayor McDaniels : I've called you all here because South Park has an image problem. Thanks to Mr. Garrison we are now being referred to as the shit-heads of America. One of our more politically sensitive citizens has proposed an idea for this crisis and I'd like you to hear him out.
data/scripts/The_City_Part_of_Town.md white town called South Park, Colorado. Or Shit-heads of America, Incorporated, I'm not sure. Yeah, if this guy is the best their town has to offer, can you imagine who he left behind? [affecting a hick accent] ""Oh hey, I'm from South Park! We don't take kindly to respecting human beings!"" [a shot
data/scripts/The_Problem_with_a_Poo.md Mr. Waithouse : What did you mean last night when you tweeted, ""The Mayor of South Park is a titless whore""? [Kyle's jaw drops and his head falls forward on the table]
data/scripts/Hooked_on_Monkey_Fonics.md Mayor : Congratulations, Mark and Rebecca. [hand them their trophies] You are truly South Park's finest. [a print photographer takes a picture]

Stan : [standing before the stage with Cartman and Kenny] Damn, dude. Those home-schooled kids are smart.
data/scripts/Weight_Gain_4000.md Description : Mr. Garrison's Classroom, later in the day. The Mayor is now there. Mayor McDaniels : Children, as you all know, Miss Kathie Lee Gifford will be in South Park to present the award to some kid for an essay. Cartman : That kid is me. Mayor McDaniels : Whatever. Now, I'm going to have
data/scripts/Weight_Gain_4000.md Scene Description : Mr. Garrison's Classroom, later in the day. The Mayor is now there.

Mayor McDaniels : Children, as you all know, Miss Kathie Lee Gifford will be in South Park to present the award to some kid for an essay.

Cartman : That kid is me.
data/scripts/Red_Man's_Greed.md next day. A town meeting is being held in the gym. Mayor McDaniels sits at a table with four aides, two on either side of her. Mayor McDaniels : And that's really all I can tell you. The town of South Park is going to be leveled, in order to make way for a twelve-lane superhighway. Randy : [rises]"
What is the name of Kyle’s younger brother?,Ike.,"
data/scripts/Ike's_Wee_Wee.md Gerald : Kyle, just because Ike is adopted doesn't make him any less your brother.

Kyle : Yeah, right.

Scene Description : Sheila puts down a bench she was looking under as a clerk approaches.

Sheila : Excuse me, we're looking for a two-year-old Canadian boy.
data/scripts/The_Jeffersons.md Kyle : So, dude, do you have any brothers or sisters?

Blanket : I have a half-brother and a half-sister. But they live with their mom now.

Scene Description : Kyle wipes Blanket's knee some more, then dabs some more alcohol onto the towel.

Kyle : And where is your mom?
data/scripts/Ike's_Wee_Wee.md Kyle!"", ""Take care of your little brother, Kyle"", and he wasn't even really my little brother. Gerald : Kyle, just because Ike is adopted doesn't make him any less your brother. Kyle : Yeah, right. Scene Description : Sheila puts down a bench she was looking under as a clerk approaches. Sheila :
data/scripts/South_ParQ_Vaccination_Special.md Kyle : Dad, please don't-
data/scripts/Ginger_Cow.md Kyle : About what?!
data/scripts/The_Jeffersons.md a half-brother and a half-sister. But they live with their mom now. Scene Description : Kyle wipes Blanket's knee some more, then dabs some more alcohol onto the towel. Kyle : And where is your mom? Blanket : I don't have a mom. Kyle : You must have a mom. Scene Description : Kyle wipes Blanket's
data/scripts/South_ParQ_Vaccination_Special.md Kyle : What?
data/scripts/A_Song_of_Ass_and_Fire.md Kyle : What?
data/scripts/Cartman_Gets_an_Anal_Probe.md Kyle : Vi, Visitors, this morning you took my brother, Ike. He's the little freckled kid that looks like a football. At first, I was happy you took him away. But I've learned something today. That having a little brother... i- is a pretty special thing.

Stan : Yeah.
data/scripts/Bass_to_Mouth.md Kyle : What the hell happened?!"
What is the name of Cartman’s mom?,Liane Cartman.,"
data/scripts/Dead_Kids.md Cartman : What do you mean?
data/scripts/Obama_Wins!.md Scene Description : North Carolina, 12:18 pm Eastern (or 10:18 am Mountain, for reference). At the Charlotte Community Center, Cartman runs in, still in costume

Cartman : Mom? Where's my mom?

Charlotte poll worker : Oh dear. Did you lose your mommy, little boy?
data/scripts/Cartman's_Mom_is_Still_a_Dirty_Slut.md Liane : I just thought, maybe it would be a little shocking to you.

Cartman : Oh, wow, gee whiz, you think so, Mom?!

Mephesto : Well, that's that. Thank you all for playing.

Cartman : No no, wait a minute! If... if she's my dad, then... who's my mom?!
data/scripts/Cartman's_Mom_is_Still_a_Dirty_Slut.md Cartman : No no, wait a minute! If... if she's my dad, then... who's my mom?!

Announcer 1 : Who is Eric Cartman's mother? Is it Mrs. Crabtree? Sheila Broflovski? The Mayor?

Cartman : Ooohhh, forget it!
data/scripts/Go_God_Go_XII.md Cartman : What?? Who the hell is this?!

Time Child : It's me.

Cartman : Me who?!

Time Child : Me you!

Cartman : What?!
data/scripts/The_Poor_Kid.md Cartman : Really?

Boy 2 : Yeah, dude. His dad died five years ago and his mom went crazy from depression, so she can't even keep a job.
data/scripts/City_on_the_Edge_of_Forever_(Flashbacks).md cream. Scene Description : Cartman looks up lovingly at his purported father, and they walk away. Curiously, Liane Cartman is left behind. Cartman : Now, that's what I call a sti- Kyle : Wait a minute. I though your father was your mother 'cause she had a penis. Cartman : What?! Eeyy, you son of a
data/scripts/Cartman's_Mom_is_Still_a_Dirty_Slut.md whiz, you think so, Mom?! Mephesto : Well, that's that. Thank you all for playing. Cartman : No no, wait a minute! If... if she's my dad, then... who's my mom?! Announcer 1 : Who is Eric Cartman's mother? Is it Mrs. Crabtree? Sheila Broflovski? The Mayor? Cartman : Ooohhh, forget it!
data/scripts/Tsst.md Cartman : Well nice goin', asshole! You made my mom cry!

Liane : It's not him, it's you, Eric. [Cartman's anger vanishes] I don't know what to do with you.

Cartman : Sure you do. You're a great mom.Who's got the greatest mom in the world?I dooo.My mom is number one in my heart.It's true!
data/scripts/Obama_Wins!.md Scene Description : North Carolina, 12:18 pm Eastern (or 10:18 am Mountain, for reference). At the Charlotte Community Center, Cartman runs in, still in costume Cartman : Mom? Where's my mom? Charlotte poll worker : Oh dear. Did you lose your mommy, little boy? Scene Description : a Jetstream Air"
Who is the father of Stan Marsh?,Randy Marsh.,"
data/scripts/ManBearPig.md Stan : Who?
data/scripts/Something_You_Can_Do_with_Your_Finger.md Stan : Dad? What the hell is going on?
data/scripts/Are_You_There_God?_It's_Me,_Jesus.md Stan : What do you mean?
data/scripts/Red_Man's_Greed.md Stan runs up to Randy. Stan : Dad! Dad! Randy : Stanley. Did you have an inward journey with the old man? Did you have a vision?? Stan : Ah, I don't know if I did or not. I, I saw something, someone spoke to me and... told me the middle-class white way to cure SARS. [reaches into the bag and pulls
data/scripts/Christian_Rock_Hard.md Stan : What??
data/scripts/Coon_2:_Hindsight.md Stan : Who's Captain Hindsight?
data/scripts/The_Tooth_Fairy_Tats_2000.md he traces the line of succession] I do it just like my big brother before me, and my oldest brother before that. Stan : Damnit! And we thought we were so original! Loogie : Let me ask you something: You were gonna sneak a tooth under this rich kid's pillow? Then what? Stan : Well, uh-what do you
data/scripts/You_Got_F'd_in_the_A.md Jimbo : Boy. You must really wanna take to to those Orange County kids now, huh, Stan? Skeeter : Are you kiddin'? Stan is probably ready to pounce on them after what they did to his father! [looks over at his dad, then at the other men] Stan : I, I don't know. He seems all right. Mr. Garrison : I
data/scripts/You_Got_F'd_in_the_A.md at his dad, then at the other men] Stan : I, I don't know. He seems all right. Mr. Garrison : I could only imagine the rage building inside you, Stan. I bet you can't wait to out-dance those OC bastards! Randy : Stan? Stan? Stan : [walks to Randy's bedside] Yeah, I'm- I'm right here, Dad. Randy :
data/scripts/You_Got_F'd_in_the_A.md Jimbo : Boy. You must really wanna take to to those Orange County kids now, huh, Stan?

Skeeter : Are you kiddin'? Stan is probably ready to pounce on them after what they did to his father! [looks over at his dad, then at the other men]

Stan : I, I don't know. He seems all right."
What is the name of the character who is always silent and wears a hood?,Kenny McCormick.,"
data/scripts/Pinkeye.md Mr. Hat : Roar.

Scene Description : Kyle throws off his mask.

Kyle : Dammit!

Stan : Wendy?

Wendy : Hi, Stan.

Stan : You said we were going to be Raggedy Ann and Andy, remember?

Wendy : Yeahhh?

Stan : We were going to enter the costume contest as a pair.
data/scripts/Pinkeye.md costume this year Kyle. Mr. Hat : Roar. Scene Description : Kyle throws off his mask. Kyle : Dammit! Stan : Wendy? Wendy : Hi, Stan. Stan : You said we were going to be Raggedy Ann and Andy, remember? Wendy : Yeahhh? Stan : We were going to enter the costume contest as a pair. Wendy : I know, but
data/scripts/Pinkeye.md a Chewbacca mask on. Stan : Whoa, dude! Kyle : Everyone came as Chewbacca?! Scene Description : Mr. Garrison is in drag, Mr. Hat has a Chewbacca mask on. Mr. Garrison : It sure does seem to be a popular costume this year Kyle. Mr. Hat : Roar. Scene Description : Kyle throws off his mask. Kyle :
data/scripts/Free_Hat.md Townsfolk : Yeah! Woohoohoo!

Kyle : ...What? [a thin balding man with creepy appearance walks onstage and waves to everyone]

Townsfolk : Hat! Hat! Hat! Hat! Hat! Hat! Hat! Hat! Hat! Hat!
data/scripts/Pinkeye.md hoots. Scene Description : Bus Stop. Kyle is standing there with a Chewbacca mask on. Stan walks up; his costume consists of red yarn hair and big rosy cheeks. Kyle : Ha ha, you look like a pansy. Stan : Shut up Kyle! Kyle : What uh, what are you supposed to be? Stan : I'm Raggedy Andy. Kyle :
data/scripts/Tom's_Rhinoplasty.md Wendy : It's over. I give up.

Scene Description : She turns and walks away.

Scene Description : Day four, the center of town. Mr. Garrsion leans against a mailbox.

Mr. Garrison : Boy I'll tell you something Mr. Hat. Being hot and sexy is fun for a while, but it sure does get boring.
data/scripts/Summer_Sucks.md Mr. Twig, his new puppet which is a stick with a little purple shirt with a pink triangle on it. Mr. Garrison : Wow, it's a black blizzard! Kyle : Mr. Garrison, where's Mr. Hat? Mr. Garrison : Oh, I'm through with Mr. Hat. He's a two-timin' whore. From now on, children, you're all gonna be learning
data/scripts/Tom's_Rhinoplasty.md up. Scene Description : She turns and walks away. Scene Description : Day four, the center of town. Mr. Garrsion leans against a mailbox. Mr. Garrison : Boy I'll tell you something Mr. Hat. Being hot and sexy is fun for a while, but it sure does get boring. Mr. Hat : You can say that again, Mr.
data/scripts/Weight_Gain_4000.md Wendy hides. Mr. Garrison : Well, Mr. Hat, I guess ol' Kathie Lee really will be surprised when she gets here tomorrow. She beat us in the talent show all those years ago. And I think we owe her for that. Babang! Wendy : [Hushed.] Oh my God. Scene Description : Town Square. Mr. Garrison walks down
data/scripts/Douche_and_Turd.md coat and shirt. Herbert Garrison is first: he rips off a piece of Stan's coat, spits on it, and throws it back at Stan. He leaves and Officer Barbady steps forth, repeating what Herbert Garrison did. Craig follows suit, then Kyle steps up]"
Which character is known for his red hair and always gets bullied?,Eric Cartman.,"
data/scripts/Ginger_Kids.md who isn't actually red-haired and freckled. Joining me now is the gingers' head spokesperson, Eric Cartman.
data/scripts/Ginger_Kids.md a girl [shown in regular clothes and real hair] who isn't actually red-haired and freckled. Joining me now is the gingers' head spokesperson, Eric Cartman. Cartman : That's right! This is bullcrap! We True Gingers are furious that the role of Annie is being minimalized! Reporter : What harm do you
data/scripts/Ginger_Kids.md Reporter : What harm do you believe this actress is doing to the true red-haired community?

Cartman : The bitch isn't ginger! She's just using makeup to look ginger! And pretending to be ginger with makeup is the worst thing anybody can do!

Gingers : Yeah! That's right! [among other things]
data/scripts/Ginger_Kids.md What?! Cartman : Kids who have gingervitus cannot be cured. [another redheaded girls pops up] Ah sick! [another redhead] Gross! [another redhead] Yeck! [returns to his paper] Because their skin is so light, ginger kids must avoid the sun. Not unlike... [a picture of a vampire with a full moon and
data/scripts/Ginger_Kids.md Cartman : [walks up to the front of the class and turns around, looking at his paper] Thank you, Mrs. Garrison. [reads] My speech is entitled ""Ginger Kids: Children with red hair, light skin, and freckles."" [Stan and Kyle glance at each other] We've all seen them - on the playground, at the store,
data/scripts/Ginger_Kids.md Cartman : That's right! This is bullcrap! We True Gingers are furious that the role of Annie is being minimalized!

Reporter : What harm do you believe this actress is doing to the true red-haired community?
data/scripts/Ginger_Kids.md Cartman : Kids who have gingervitus cannot be cured. [another redheaded girls pops up] Ah sick! [another redhead] Gross! [another redhead] Yeck! [returns to his paper] Because their skin is so light, ginger kids must avoid the sun. Not unlike... [a picture of a vampire with a full moon and bats
data/scripts/Ginger_Kids.md A rapidly-growing organization called The Ginger Separatist Movement is furious that the lead role of Annie [shown, in character] is being played by a girl [shown in regular clothes and real hair] who isn't actually red-haired and freckled. Joining me now is the gingers' head spokesperson, Eric
data/scripts/Ginger_Kids.md Cartman : I was getting to that, if you will let me. [returns to his paper] Some people have red hair, but not light skin and freckles. These people are called ""daywalkers."" [cues up a picture of Kyle, with ""daywalkers"" written underneath]

Butters : Ho! Daywalkers!
data/scripts/Ginger_Kids.md about... ginger kids. [cues up his pics. A red-headed boy appears] Aww sick! Gross! Ginger kids are born with a disease which causes very light skin, red hair, and freckles. [next picture is of a girl licking her triple-scoop ice-cream cone] Aw, nasty! Yuck! [returns to his paper] This disease is"
Who is the school counselor in South Park?,Mr. Mackey.,"
data/scripts/South_ParQ_Vaccination_Special.md South Park Elementary, Mr. Mackey's office. Mr. Mackey : Think my life doesn't matter!? I show you what matters. [packing up his books] Counselors matter. That's what matters. Let's just see how your God damn school functions without a God damn counselor! [the sound of a motorcycle is heard
data/scripts/The_Death_Camp_of_Tolerance.md Description : South Park Elementary, Counselor Mackey's office. Mr. Mackey : Parents, I had to call you in here because your boys have refused to attend class with their homosexual teachers, m'kay? Stan : We're not staying in class another minute with those queermos! Randy : Well I really thought
data/scripts/Cherokee_Hair_Tampons.md building is shown. Inside, the South Park School Board is meeting. Principal Victoria is present among the three people seated around a horseshoe-shaped table. Chairman : Mr. Garrison, after very careful review the school board believes that you should take a... hiatus from teaching. Indefinitely.
data/scripts/World_Wide_Recorder_Concert.md Coordinator : Ssss, alright. South Park school, you go over there next to the kids from New York. [distracted by something away from the bus] Nono, don't put the Florida kids in the building! [moves away. The class walks past the New York children]
data/scripts/Insheeption.md Scene Description : South Park Elementary faculty room. Randy and Sharon are there with Mr. Garrison, Principal Victoria, Dr. Chinstrap, and another expert
data/scripts/The_Death_Camp_of_Tolerance.md Scene Description : South Park Elementary, Counselor Mackey's office.

Mr. Mackey : Parents, I had to call you in here because your boys have refused to attend class with their homosexual teachers, m'kay?

Stan : We're not staying in class another minute with those queermos!
data/scripts/World_Wide_Recorder_Concert.md with clipboard, walking up] School? Mr. Mackey : Excuse me? Coordinator : What school are you from? Mr. Mackey : Oh, uh we're from South Park, Colorado? Coordinator : Ssss, alright. South Park school, you go over there next to the kids from New York. [distracted by something away from the bus]
data/scripts/Insheeption.md I WILL RAPE YOU IN YOUR FUCKIN' MOUTH! M'KAY?! Scene Description : South Park Elementary faculty room. Randy and Sharon are there with Mr. Garrison, Principal Victoria, Dr. Chinstrap, and another expert Dr. Chinstrap : There's no doubt about it. The school counselor here is a Class-5 hoarder. As
data/scripts/The_Pandemic_Special.md has her hands over her mouth] Scene Description : South Park, night. The school gym is shown from above. Twenty-nine students are sleeping there, each in his own circle. Stan is wide awake, looking at the ceiling. An officer sits in the coach's office looking at a jar of Tegridy Weed Officer 4 :
data/scripts/Toilet_Paper.md Scene Description : South Park Elementary, next day. Officer Barbrady enters the principal's office."
Which character is a major environmentalist and always has a conspiracy theory?,Randy Marsh.,"
data/scripts/Terrance_and_Phillip:_Behind_the_Blow.md Clyde : Ah, excuse me? My daddy is a geologist and he says there actually isn't any concrete evidence of global warming.
data/scripts/Terrance_and_Phillip:_Behind_the_Blow.md have two more days until Earth Day! Work! Clyde : Ah, excuse me? My daddy is a geologist and he says there actually isn't any concrete evidence of global warming. Older man : That's not true. [waves his right forearm slowly to the right, palm out] Global warming is going to kill us all. [repeats
data/scripts/Spontaneous_Combustion.md why I've assembled this crack team of scientists to find out the cause of the phenomenon. You are the best scientific mind South Park has to offer. Randy : ...Uuuh. Mayor, I'm a geologist. Mayor McDaniels : Right. Randy : Well, uh I don't study human biology, I study the earth. Mayor McDaniels :
data/scripts/Two_Days_Before_the_Day_After_Tomorrow.md [everyone gasps. A new graphic appears onscreen - a globe] It now appears that... all rumors of global warming were true. We were warned this would happen and ...we didn't listen! [buries his face in his hands in anguish] We didn't listen! [composes himself] All the top Colorado geologists have
data/scripts/Spontaneous_Combustion.md Mephesto : I most certainly do! The cause of global warming is [brings out a picture of a man, with horns, mustache, and angry eyebrows drawn on] Randy Marsh! [Randy is stunned] It was Marsh's theory on spontaneous combustion that told everyone to fart all they want. Now all the methane from all
data/scripts/Spontaneous_Combustion.md Mayor McDaniels : The people are panicking about spontaneous combustion. That's why I've assembled this crack team of scientists to find out the cause of the phenomenon. You are the best scientific mind South Park has to offer.

Randy : ...Uuuh. Mayor, I'm a geologist.

Mayor McDaniels : Right.
data/scripts/Terrance_and_Phillip:_Behind_the_Blow.md this would be happening if you hadn't LIED in the first place! You lied, and then you lied to cover up your lie! Kyle : I didn't see you complaining at the time, fat boy! Stan : Guys, we have no choice. We're gonna have to move away. Environmental activists don't use logic or reason. Carl :
data/scripts/Two_Days_Before_the_Day_After_Tomorrow.md Scientist : We've just compiled some new information. The er, the flood in Beaverton wasn't caused by global warming after all. General : What?? Scientist : We know the truth now. We know what caused it! [hands the general a photo. The general looks at it and his eyes grow big] General : Oh my God.
data/scripts/Two_Days_Before_the_Day_After_Tomorrow.md Scientist : E-excuse me, General?

General : WHAT??

Scientist : We've just compiled some new information. The er, the flood in Beaverton wasn't caused by global warming after all.

General : What??
data/scripts/The_Pandemic_Special.md Chief Scientist. Behind this act is President Garrison with a flamethrower. Garrison doesn't let up until the Chief Scientist no longer screams.]"
Who is the classmate that Cartman frequently bullies and calls a “Jew”?,Kyle Broflovski.,"
data/scripts/The_Return_of_Chef.md Cartman : Hey you guys, you know what they call a Jewish woman's boobs? Jewbs. [they step off on the other side and approach the front door. Stan reaches over and pulls the rope that rings the house's bell. A black butler opens up]

Butler : May I help you?
data/scripts/The_Entity.md comments, nothin'. Cartman : Alright, alright. Kyle Two : And you especially can't say anything about Jews! Cartman : Aw, Jesus, why don't you just cut off my balls? Kyle Two : Cartman, no Jew jokes! All you have to do is keep your mouth shut, and you've got forty bucks! Can you do it? [Cartman
data/scripts/Casa_Bonita.md a stupid Jew![in the playground, by the school's back doors] You're a Jew![in Cartman's room. Cartman is wearing a crown] Shut your God-damned Jew mouth![at Kyle's house, on the front steps] Good job, Jew![singing the Dreidel song with Kyle's family and Stan] Jew...[leaving his seat in class] Shut
data/scripts/Mr._Hankey,_the_Christmas_Poo.md Mr. Garrison : You are the Jewish community!

Crowd : Yeah! Yeah!

Cartman : Oh, boy! Super-bitch is at it again!

Kyle : Don't call my mom a bitch, Cartman!
data/scripts/Casa_Bonita.md by the school's back doors] You're a Jew![in Cartman's room. Cartman is wearing a crown] Shut your God-damned Jew mouth![at Kyle's house, on the front steps] Good job, Jew![singing the Dreidel song with Kyle's family and Stan] Jew...[leaving his seat in class] Shut up, Jew![at Cartman's house, with
data/scripts/Casa_Bonita.md as Kyle is about to whack him] Jew![at a barn, through a hole on the roof] Jew![Stan's room. Kyle reads a Bible] Jew?![At the Costa Rican rainforest, during practice] ""I told you Jewish people don't have rhythm."" ""Fuck off, Cartman!"" Cartman : [Cartman thinks back as well] Okay, except maybe for
data/scripts/The_Entity.md Cartman : Forty bucks?

Kyle Two : But you can't make fun of him AT ALL. No smartass comments, nothin'.

Cartman : Alright, alright.

Kyle Two : And you especially can't say anything about Jews!

Cartman : Aw, Jesus, why don't you just cut off my balls?
data/scripts/Casa_Bonita.md Kyle : [thinks back and counts the number of times Cartman has ripped on him for being a Jew][in the playground. Craig is there instead of Kenny] Oh yeah?! Well you're a stupid Jew![in the playground, by the school's back doors] You're a Jew![in Cartman's room. Cartman is wearing a crown] Shut your
data/scripts/Smug_Alert!.md Cartman : You know Butters, you make for a lousy Jew.

Butters : Well I'm sorry. Well it's just that I'm not Jewish, and now th-

Cartman : No, no! Don't apologize, you asshole!

Ranger McFriendly : [barging in] Marsh!

Stan : Oh crap, Ranger McFriendly.

Cartman : Who?
data/scripts/Le_Petit_Tourette.md Cartman : Oh, oh, no, don't worry about it, Kyle. Now I understand. I've learned to deal with intolerance. Dumbshit douche bag! And it means a lot that you're standing here apologizing with your dad and lovely mother. [looks at Gerald and Sheila] Fag Jew! Jew bitch!

Sheila : Oh, thank you Eric."
Who is the voice of Stan Marsh?,Trey Parker.,"
data/scripts/Holiday_Special.md for images of Randy Marsh. Mr. Galtman : I most certainly will not! Masked voice : Randy Marsh is a hypocrite and a fake. You will be taken down with him when he is exposed! [a shot of the boys' restroom at school. Kenny is the one who's masking his voice as Stan, Kyle, and Cartman look on] Kyle :
data/scripts/ManBearPig.md Stan : Who?
data/scripts/Holiday_Special.md Mr. Galtman : I most certainly will not!

Masked voice : Randy Marsh is a hypocrite and a fake. You will be taken down with him when he is exposed! [a shot of the boys' restroom at school. Kenny is the one who's masking his voice as Stan, Kyle, and Cartman look on]

Kyle : What's he saying?
data/scripts/A_Nightmare_on_Face_Time.md I may say so, Mr. Marsh. [Randy looks at him, then at Stan, who is off in a corner looking at his iPad.]
data/scripts/You_Got_F'd_in_the_A.md Stan : Dude, he's incredible.
data/scripts/The_End_of_Serialization_as_We_Know_It.md and takes his seat as the President. Scene Description : Marsh Residence: Living room. Randy, Stan, Shelly, Sharron and Marvin Marsh, along with Sparky, are watching television together Kyle (voiceover) : Now that we've been given this second chance, it is up to all of us to see what we do with it.
data/scripts/The_End_of_Serialization_as_We_Know_It.md Scene Description : Marsh Residence: Living room. Randy, Stan, Shelly, Sharron and Marvin Marsh, along with Sparky, are watching television together

Kyle (voiceover) : Now that we've been given this second chance, it is up to all of us to see what we do with it.
data/scripts/Holiday_Special.md Masked voice : You will go online and search Instagram for images of Randy Marsh.

Mr. Galtman : I most certainly will not!
data/scripts/A_Boy_And_A_Priest.md Scene Description : The Marsh house, day. The family exits and goes to the car. Stan's right arm is in a cast and sling from last week's gunshot at the end of the episode.

Randy : Come on, guys, we don't wanna be late!
data/scripts/You_Have_0_Friends.md be. Randy : Yahtzee! Profile Stan Marsh : No! Ahhhhh! [vanishes in a fair bit of pain. After some silence, Stan disappears from the arena and is reassembled back on his chair at home] Scene Description : Stan's room, moments later. Stan : Awgh! [catches his breath. With his profile destroyed, Stan"
What is the name of the character who owns the local bar in South Park?,Herbert Garrison.,"
data/scripts/Jakovasaurs.md : South Park Public Access. The game show continues. Barbrady is ahead 7-0. Mayor : What's two plus two, Jakov? Jakov : I don't know! Barbrady : Four? [ping. 8-0] Mayor : Jakov, what is your name? [drumroll. The studio audience looks at him quite annoyed] Barbrady : Jakov [ping. 9-0] Mayor : Oh,
data/scripts/My_Future_Self_n'_Me.md Scene Description : South Park, commercial district. Stan and Butters run down the street and turn the corner into an alley. Stan checks the address.

Stan : I guess this is it.
data/scripts/A_Ladder_to_Heaven.md Scene Description : South Park, city sidewalk, day. Stan, Cartman and Kyle head for a bright, colorful store called ""Lolly's Candy Factory."" Cartman carries three buckets: two on his back, supported by a crossbar, and a huge one on his head. The proprietor, Lolly, opens the door and sets a sign so
data/scripts/A_Ladder_to_Heaven.md Scene Description : South Park, city sidewalk, day. Stan, Cartman and Kyle head for a bright, colorful store called ""Lolly's Candy Factory."" Cartman carries three buckets: two on his back, supported by a crossbar, and a huge one on his head. The proprietor, Lolly, opens the door and sets a sign so
data/scripts/Season_Finale.md Mayor : Well. At least now South Park can start getting back to normal.

Scene Description : The neighborhood park, day. Two teams of six players each oppose each other in a game of football. Kenny has the ball and Cartman is set to receive it.
data/scripts/Chef_Goes_Nanners.md Scene Description : South Park Supermarket, after school. Chef is at the entrance with a petition in his hands. With him are Wendy, Bebe, Clyde, and Butters. Some folks head for the store…
data/scripts/Probably.md Kenny : (Where am I?)

Attendant : ¿Qué?

Scene Description : South Park, day. Cartman's blueprint for his church is shown, then the camera pans right to show the actual construction. A bunch of kids work on the structure, using all sorts of things, including mirrors for wall panels.
data/scripts/South_Park_is_Gay!.md Scene Description : South Park. The sign has been redrawn with a barrio graffiti font.

Scene Description : The McCormick house, day. Randy, Jimbo, Skeeter, and Stuart are now dressed as cholos on the porch. Two six-packs of Coronas are on the ground. Some of the bottles are already empty.
data/scripts/The_Scoots.md : Downtown South Park. Mr. Mackey parks in front of Tom's Rhinoplasty, gets out, and parks his car. He goes to Lolly's Candy Factory next door and notices the six e-scooters parked in front of it. Mackey : [spooked] What the... what the... fuck is going on? [goes inside the store, keeping his eyes
data/scripts/Jakovasaurs.md and rushes back to town] Kyle : Cartman! Wait! Kenny : (Hey you guys, wait up for me!) [a black bear rushes down the hill, growling] (Waaah!) [the bear mauls him and tumbles away] Scene Description : South Park Public Access. The game show continues. Barbrady is ahead 7-0. Mayor : What's two plus"
Which character was once the school’s guidance counselor but was fired for making a scene?,Mr. Mackey.,"
data/scripts/Sponsored_Content.md Caitlyn : [scoffs] Oh God, you're such an asshole.

Principal Victoria : Mr. Garrison, I wasn't fired. I was replaced. This goes much higher than anyone knows.

Scene Description : PC Principal's office, day. He's now the one explaining things to ... someone
data/scripts/South_ParQ_Vaccination_Special.md South Park Elementary, Mr. Mackey's office. Mr. Mackey : Think my life doesn't matter!? I show you what matters. [packing up his books] Counselors matter. That's what matters. Let's just see how your God damn school functions without a God damn counselor! [the sound of a motorcycle is heard
data/scripts/Ike's_Wee_Wee.md Principal Victoria : We-hell, ""sorry"" isn't going to cut the cheese this time, mister! I'm afraid I'm going to have to suspend you from school. Mr. Mackey : You mean I'm fired? Principal Victoria : Well, I guess that's the grown-up way to put it, yes. Mr. Mackey : But-but it was an honest error of
data/scripts/Gnomes.md all very sad. [the class is now seated] The school board is considering firing me as your teacher. There's a possibility that I will be let go and never allowed to teach you again. [Stan raises his hand] Yes, Stanley? Stan : That's okay with us. Kyle : Yeah. Clyde : Yeah, we don't care. Cartman :
data/scripts/Bass_to_Mouth.md Counselor Mackey. Uh... how long would it take to organize a Pizza Friday for the students? Yeah, yeah... no, they uh, they actually did really well on the state exam. Yeah, mkay. Scene Description : The school hallway, day. Butters, Craig and Stan are laughing at another Eavesdropper headline as
data/scripts/South_ParQ_Vaccination_Special.md Mr. Mackey : Think my life doesn't matter!? I show you what matters. [packing up his books] Counselors matter. That's what matters. Let's just see how your God damn school functions without a God damn counselor! [the sound of a motorcycle is heard outside] Oh, God dammit. [walks up to the window]
data/scripts/The_Death_Camp_of_Tolerance.md his chin] Well thanks, uh, Principal Victoria. [walks out and closes the door] Holy Moly! I've gotta find a way to get fired for being gay! Scene Description : South Park Elementary. Mr. Mackey : M'kay kids, I know the past few weeks have been really hard with the death of your teacher, Ms.
data/scripts/PC_Principal_Final_Justice.md Randy : Mackey?

Mr. Mackey : Yes, I wanted Principal Victoria fired! But I didn't want any of this!

Principal Victoria : You got me fired?! Why?!

Mr. Mackey : Eighteen years of answerin' to you! EIGHTEEN YEARS! Of you always... tellin' me what to do!
data/scripts/Ike's_Wee_Wee.md Mr. Mackey : I'm sorry, Prinshipal Victoria.

Principal Victoria : We-hell, ""sorry"" isn't going to cut the cheese this time, mister! I'm afraid I'm going to have to suspend you from school.

Mr. Mackey : You mean I'm fired?
data/scripts/Mr._Hankey,_the_Christmas_Poo.md : The counselor's office, the window showing silhouettes of Kyle and Mr. Mackey. Another student waits outside. Mr. Mackey, Jr. : Now, uh, Kyle, as your school counselor, uh I want to try and help you confront your problems, 'kay? Kyle : I don't have a problem. Mr. Mackey : Well it-it's my"
What is the name of the episode where Kenny dies every time?,"“Kenny Dies” (Season 5, Episode 13).","
data/scripts/A_Ladder_to_Heaven.md and the boys rush to Kenny's house] Scene Description : Kenny's house, later. The boys arrive gasping for air and Kyle rings the doorbell. Stuart : [opens the door] Yes? Stan : Where's Kenny?? Stuart : Uh... boys... Kenny died ...last December. Don't you remember? Kyle : We know he's dead. We mean,
data/scripts/Death.md Kyle : Oh my God, they killed Kenny. You Bastard!!!

Stan : Wow, I guess Death was just coming after Kenny the whole time.

Grandpa : Hey, you were supposed to kill me!

Death : Mrrr.

Grandpa : That's not fair, Goddammit! My grandpa asked me to kill him and I did it.
data/scripts/Damien.md Scene Description : Kenny is highlighted.

Jimbo : Ih-it's comin' right for us!

Scene Description : Jimbo pulls out a semi-automatic and fires away at Kenny. Kenny is soon on the floor with his head blown off.

Stan : Oh my God, they killed Kenny.

Kyle : You bastard!
data/scripts/A_Song_of_Ass_and_Fire.md Scene Description : Kenny provides a recap of what happened last week on the show, with clips from that episode.

Kenny : Previously, on South Park.
data/scripts/The_Mexican_Staring_Frog_of_Southern_Sri_Lanka.md Scene Description : Kenny begins crying.

Kenny : [Sobbing.] (OW! OW! DUDE, PLEASE STOP!! OH, FUCK! YIKES!!!!!)

Scene Description : The 3 men, Stan, & Kyle gasp in horror to see what happened.

Stan : Oh, my God! They've killed Kenny!

Kyle : You bastards!
data/scripts/Death.md : Ahhh! Scene Description : South Park Main Street. Death turns and touches Kenny, and Kenny falls over, dead. Kyle : Oh my God, they killed Kenny. You Bastard!!! Stan : Wow, I guess Death was just coming after Kenny the whole time. Grandpa : Hey, you were supposed to kill me! Death : Mrrr. Grandpa
data/scripts/Death.md Scene Description : Loud Static. Death is upset and resumes his mission.

Death : Mrrrrr!

Kids : Ahhh!

Scene Description : South Park Main Street. Death turns and touches Kenny, and Kenny falls over, dead.

Kyle : Oh my God, they killed Kenny. You Bastard!!!
data/scripts/Ike's_Wee_Wee.md Stan : Oh my God, they've killed Kenny!

Kyle : [Flatly] You bastards.

Scene Description : Kyle keeps walking. The crowds reconvenes, this time for Kenny's funeral.

Father Maxi : [Removes kippah and scarf.] ""Yea, let us ponder the Lord's mercy. Ashes to ashes, dust to dust.""
data/scripts/The_China_Probrem.md Kenny : (Damn.)

Scene Description : '[Kyle's room, moments later. Kyle is at his desk moping, his arms crossed and his face buried in them. Someone knocks twice, then opens the door. It's Stan.]'
data/scripts/Death.md after Kenny the whole time. Grandpa : Hey, you were supposed to kill me! Death : Mrrr. Grandpa : That's not fair, Goddammit! My grandpa asked me to kill him and I did it. Scene Description : Death points a cold finger up the street. From a misty haze emerges an incredibly haggard looking ghost of a"
In which episode do the boys fight against the “Toilet Papering” craze?,"“Towelie” (Season 5, Episode 8).","
data/scripts/Toilet_Paper.md Policeman Brown : Well, ah I'm covered in toilet paper. I'd look silly.

Scene Description : South Park Elementary cafeteria, after school. Mr. Mackey addresses the detained. The boys are there, as well as two of the sixth graders, and Craig and Bebe.
data/scripts/Toilet_Paper.md : Oh all right, all right, my uncle Charles used to hit me with a belt! [cries uncontrollably] Josh : [closes his eyes, satisfied.] Thank you. Your toilet-paperers are most like males between the ages of 8 and 10 and probably virgins. Parents notice that much toilet paper missing, so they would
data/scripts/Toilet_Paper.md Josh : [closes his eyes, satisfied.] Thank you. Your toilet-paperers are most like males between the ages of 8 and 10 and probably virgins. Parents notice that much toilet paper missing, so they would have to have bought it themselves. Find out where the toilet paper came from, officer, and you
data/scripts/Toilet_Paper.md Officer Barbrady : I just need to talk to someone who knows how toilet paperers think.
data/scripts/Toilet_Paper.md And I'll help you catch whoever toilet-papered that house. Officer Barbrady : Look kid, I have very little time to catch whoever toilet-papered that house. Tell me what you know. Josh : Are those the crime scene photos? Let me see them. [approaches the drop slot as Barbrady slides the packet of
data/scripts/Toilet_Paper.md Josh : Whoa. Uh, oh. Thank you. Your toilet-paperers are most likely students in the art teacher's class, students who aren't very good at art.

Officer Barbrady : Oh. Of course! One of her students!
data/scripts/Toilet_Paper.md These toilet-paperers are professionals...at least one of them is. Officer Barbrady : So you think there was more than one. Why? Josh : [puts the photos behind his back] Tell me something first. When you went to the academy you had something to prove. You wanted to protect and serve, but mostly you
data/scripts/Toilet_Paper.md Officer Barbrady : Look kid, I have very little time to catch whoever toilet-papered that house. Tell me what you know.
data/scripts/Toilet_Paper.md Officer Barbrady : No, two-ply. [Josh closes his eyes and thinks hard] What? What does that tell you? Josh : Why does one toilet-paper houses Officer Barbrady : To get revenge. Josh : No, that is incidental. Your toilet-paperers wanted to transform the art teacher's house, thus transforming her
data/scripts/Toilet_Paper.md Officer Barbrady : You... know I can't give you toilet paper, Josh."
"In the “Imaginationland” trilogy, what does Cartman do to get a part of the wish?",He tries to sabotage the plan by stopping Kyle’s wishes.,"
data/scripts/Imaginationland,_Episode_II.md Cartman : [voiceover] Every night, the dream is the same. [a field of grain pops up with purple mountains in the background. Cartman walks in smiling and holding the contract] I'm on my way to visit my friend Kyle, because we had a bet that if I could prove leprechauns were real, he would suck my
data/scripts/Truth_and_Advertising.md Cartman : [yawns and whispers to Kyle] Oh, my fucking God...

Mrs. Nelson : Now, usually an infinitive acts like a noun, as in ""I want TO go out to eat"" or [Cartman tugs on Kyle's pen, making him mess up, and smiles. Kyle pulls the pen away. Cartman pulls again] ""I hope TO be chosen today.""
data/scripts/Casa_Bonita.md Cartman : [with more foods on his plates, the dream dissolves. He's pulled up and away] No! Noooo! [he's pulled out of Casa Bonita and floats away] Casa Bonita! Noooo! [startled out of his dream] AAAAH!! [catches his breath] Oh... God-damnit, I have to get invited to go! I'm just gonna have to
data/scripts/The_Cissy.md Cartman : [thinking] Another morning. Waiting for the run-down school bus to take me to the run-down school. But today is the day I finally have the guts to do what I should've done a long time ago. [looks down at Stan's feet, than at Kyle's] Nobody notices what I have in my front pocket. A little
data/scripts/Up_the_Down_Steroid.md Cartman : Yes. [hops off his seat and consoles Kyle] And instead you had to break through yourself. This is really the beginning of a whole new chapter of your life, Kyle. [whispers] Good luck. [after a few seconds, Kyle turns around and goes to leave. He opens the door, turns around to say
data/scripts/Fat_Camp.md to expose the aroma and tempts him] Look at how yummy and sweet he is. [Chad, still sobbing, takes the candy bar and starts eating. Cartman bides his time] ...There you go. That'll just be four dollars. [Chad hands him the money and finishes the candy bar. Cartman just watches] ...There you go.
data/scripts/Cancelled.md Cartman : Well, I dreamt that I was lying in my bed… [the dream sequence begins] in the dark. When all of a sudden this bright blue light filled the room [his window flies open and a bright beam blinds him as he rises to see what it is]. Then slowly my bedroom door begin to open [a glow appears
data/scripts/Something_You_Can_Do_with_Your_Finger.md Cartman : I just don't know what I'm gonna do. [lets himself in] Sometimes I wonder if God isn't toying with me. [goes to the sofa and pulls out some Cheesy Poofs to eat]

Chef : [sits next to Cartman] Alright, Eric, what's the matter?
data/scripts/Cartoon_Wars_Part_I.md Cartman : [turns around slowly] Yeah. I do understand, Kyle. I've been doing the wrong things for a long time. Doing things for my own selfish reasons. I just wanna do something right, you know? Just this one time.
data/scripts/Casa_Bonita.md Cartman : [not spoken, he's thinking this while Yates speaks.] Heh you're not going to find him. Not until after Saturday when I go to Casa Bonita. [closes his eyes and begins anticipating. Three images come up. The first is of his waitress bringing him food, the second is of him dancing before a"
What is the premise of the “World of Warcraft” episode?,"The boys get addicted to the game, and their in-game personas reflect their personalities.","
data/scripts/Make_Love,_Not_Warcraft.md Scene Description : Blizzard Gaming Entertainment, executive boardroom.

President : Fellow board members, we have a problem: somebody in the World of Warcraft is ignoring the World's rules...and is going around killing innocent players..
data/scripts/Make_Love,_Not_Warcraft.md : World of Warcraft. ""Live to Win"" by Paul Stanley begins to play. The four friends are back in the forest looking for boars. They slaughter the boars as they come upon the groups of them. Cartman chugs down energy drinks and has doughnuts and other sweets around his keyboard. He wipes his mouth
data/scripts/Make_Love,_Not_Warcraft.md Scene Description : World of Warcraft. ""Live to Win"" by Paul Stanley begins to play. The four friends are back in the forest looking for boars. They slaughter the boars as they come upon the groups of them. Cartman chugs down energy drinks and has doughnuts and other sweets around his keyboard. He
data/scripts/Make_Love,_Not_Warcraft.md President : [walks back to the end of the table, by the doors] Only one kind. Whoever this player is, he has played World of Warcraft nearly every hour of every day for the past year and a half. Gentlemen, we are dealing with someone here who...has absolutely no life.
data/scripts/Make_Love,_Not_Warcraft.md do this? President : [walks back to the end of the table, by the doors] Only one kind. Whoever this player is, he has played World of Warcraft nearly every hour of every day for the past year and a half. Gentlemen, we are dealing with someone here who...has absolutely no life. Member 3 : How do you
data/scripts/Make_Love,_Not_Warcraft.md frustrated and stops playing altogether. Gentlemen, this could very well lead to the end of the World...of Warcraft. Member 5 : [grabs his head] No! Nooooooooo! Scene Description : The neighborhood park. Stan, Kyle, and Kenny are playing basketball. Cartman enters the park. Cartman : What the hell
data/scripts/Make_Love,_Not_Warcraft.md Scene Description : Blizzard Gaming Entertainment, day, exterior. Lovely architecture.

Scene Description : Blizzard Gaming Entertainment, interior. A pool of telephone representatives fields incoming calls.

Rep : [female] World of Warcraft support line.
data/scripts/Make_Love,_Not_Warcraft.md Member 5 : [grabs his head] No! Nooooooooo!

Scene Description : The neighborhood park. Stan, Kyle, and Kenny are playing basketball. Cartman enters the park.

Cartman : What the hell are you guys doing?? Don't tell me you all quit playing World of Warcraft too?!
data/scripts/Make_Love,_Not_Warcraft.md sleep. What do you say, guys? You can just...you can just hang outside in the sun all day tossin' a ball around, [firmly] or you can sit at your computer and do somethin' that matters. Scene Description : World of Warcraft. ""Live to Win"" by Paul Stanley begins to play. The four friends are back in
data/scripts/Make_Love,_Not_Warcraft.md President : Long ago, when the World of Warcraft was created, one of the programmers put a sword called the Sword of a Thousand Truths into the game inventory. Apparently it could cause 120 damage per second, with an instant mana burn and an enchantment that boosts its stamina +80."
What is the name of the episode where the boys perform in a talent show?,"“The Talent Show” (Season 9, Episode 1).","
data/scripts/Die_Hippie,_Die.md Scene Description : The music festival. The boys are in front of the stage sitting on throw rugs. They're bored.

Stan : Alright, I can't take it anymore! I'm getting on that stage!

Kyle : You're doing what?
data/scripts/Guitar_Queer-O.md starts up. Stan and Kyle immediately begin to play and the other boys begin to cheer them on. The song playing is ""Wayward Son""
data/scripts/World_Wide_Recorder_Concert.md the stage. The other kids continue playing] Stan : Stop! Stop! [he and the other three are near the stage...] Mr. Mackey : Uh, aren't those our boys? Mr. Garrison : Oh, no. What are they doing? Stan, Kyle, Kenny, Cartman : Noooo!!! [some of the kids part for them, but the end of the song arrives.]
data/scripts/Christian_Rock_Hard.md Scene Description : Stan and the boys are in the Marsh garage belting out tunes, but their musical styles are scattered. Cartman sings lead, Stan and Kyle on are guitars, Kenny is on the drums.
data/scripts/Die_Hippie,_Die.md stains are seen on the bandage over both temples. The suicide attempt failed] They still have a long way to go! Scene Description : The music festival. The boys are in front of the stage sitting on throw rugs. They're bored. Stan : Alright, I can't take it anymore! I'm getting on that stage! Kyle :
data/scripts/Helen_Keller!_The_Musical.md Scene Description : The South Park Community Theatre, stage. The kids mill around backstage

Kyle : So wait. Do we do that spin-around thing on the last beat?

Stan : No, it's on the 'en or the 'ay. [Timmy rolls slowly in ]

Kyle : You ready for the big show, Timmy?

Stan : Where's Gobbles, Timmy?
data/scripts/Christian_Rock_Hard.md Scene Description : Stan and the boys are in the Marsh garage belting out tunes, but their musical styles are scattered. Cartman sings lead, Stan and Kyle on are guitars, Kenny is on the drums. Cartman : God dammit! [hangs his head and lets the mic stand fall into his left hand. All stop playing and
data/scripts/Quintuplets_2000.md Scene Description : The Marsh house, living room. The boys have bought a CD of the show, and Kenny sings to the instrumental of one of the songs. Kenny is wearing the costume the first singer wore. The other three are practicing… um… Stan tries to leap into Kyle's arms, but they end up tumbling on
data/scripts/Guitar_Queer-O.md the song the clicks are supposed to be making and begin to clap] Scene Description : Stan's house, later. Guitar Hero starts up and the boys are gathered near the couch watching Stan and... Thad. A song comes on and Stan and Thad begin to play. The boys cheer them on as the score nears 500,000
data/scripts/Cripple_Fight.md Scene Description : South park, night. Randy is driving the boys, including Timmy on the truck bed, through the town. Stuart is with them, but Kyle is not. The boys are in Scout gear. Randy : Well, you boys must be pretty excited: Your first night of Scouts. Stan : It's gonna suck. There's gonna be"
Which episode focuses on the boys trying to get a fake ID?,"“Fake ID” (Season 8, Episode 7).","
data/scripts/Towelie.md Stan : God-damnit, I guess we're gonna have to climb the stupid fence.

Scene Description : Secret Government Base, night, inside. The boys climb over the fence and sneak past a soldier without arousing suspicion. They end up at the genetic research building
data/scripts/Towelie.md Scene Description : Stan's house, night. The boys are gathered before the TV playing their Okama GameSphere with a new player: Towelie. Stan : Oh, dude, we finished level 50! Kyle : Awesome! Towelie : Oh, man, I have no idea what's goin' on. Kyle : Check it out: Now we're going into the secret
data/scripts/Towelie.md Sharon : Here you go, boys. [Stan takes the shopping box and the boys take off]

Boys : AAAAAA.

Scene Description : Stan's house, later. In the living room, Kyle finishes connecting the GameSphere to the back of the TV

Kyle : Okay, turn it on.

TV : ""Okama GameSphere""!

Boys : Whoa!
data/scripts/Freak_Strike.md Scene Description : Stan's living room. The boys watch TV..

Stan : Here he comes.

Kyle : This is gonna be awesome!

Scene Description : Maury Povich Show, new segment.

Maury : Our next guest suffers from a rare birth defect which caused his testicles and scrotum to grow from his chin.
data/scripts/Something_Wall-Mart_This_Way_Comes.md and all the TVs turn on, showing the boys on screen. The camera pans over to the two boys, who are looking at a man dressed in white. Wall-Mart : Hello, boys. Congratulations on getting this far. [the boys approach him] Kyle : Who are you? Wall-Mart : I am... Wall-Mart. [the boys look at each
data/scripts/Towelie.md Okama GameSphere. Sharon : Here you go, boys. [Stan takes the shopping box and the boys take off] Boys : AAAAAA. Scene Description : Stan's house, later. In the living room, Kyle finishes connecting the GameSphere to the back of the TV Kyle : Okay, turn it on. TV : ""Okama GameSphere""! Boys : Whoa!
data/scripts/Guitar_Queer-O.md Scene Description : Stan's house, day. In the living room, Stan and Kyle stand before the TV with guitar controllers in their hands. Nine boys from class watch them from the sofa and the floor. A game starts up. Stan and Kyle immediately begin to play and the other boys begin to cheer them on. The
data/scripts/Guitar_Queer-O.md Scene Description : Stan's house, day. In the living room, Stan and Kyle stand before the TV with guitar controllers in their hands. Nine boys from class watch them from the sofa and the floor. A game starts up. Stan and Kyle immediately begin to play and the other boys begin to cheer them on. The
data/scripts/Wing.md his suit in front of a full-length mirror in his room. Stan and Kyle try out suits in Kyle's room. Next, the boys are in a department store purchasing cell phones at Bull's Eye. Next, Stan and Kyle carry an executive desk into the new office. Next, Cartman and Kenny steal a fountain from somebody's
data/scripts/Towelie.md : No, Towelie, the entry code! Towelie : [turns around] For what? Stan : God-damnit, I guess we're gonna have to climb the stupid fence. Scene Description : Secret Government Base, night, inside. The boys climb over the fence and sneak past a soldier without arousing suspicion. They end up at the"
In which episode does Kenny briefly get the ability to speak clearly and be understood?,"“Kenny’s World” (Season 13, Episode 1).","
data/scripts/The_Return_of_Chef.md Kenny : (muffled) Like what?

Kyle : Something must have happened to Chef while he was gone. Maybe he hit his head or, or got stuck in some quantum time vortex.

Stan : Well look, he spent the last three months with that adventurers' club. Maybe they know what happened to him.
data/scripts/A_Song_of_Ass_and_Fire.md Scene Description : Kenny provides a recap of what happened last week on the show, with clips from that episode.

Kenny : Previously, on South Park.
data/scripts/Cherokee_Hair_Tampons.md Stan : Nobody wants to listen, Kenny.

Kenny : (I know.)

Stan : I don't know what else to do. I mean, he could die, Kenny. And that means we'd never see him again.

Kenny : (Uh huh.)
data/scripts/Cartman_Gets_an_Anal_Probe.md Stan : [That gets his attention.] What? How do you know she has a cat?

Scene Description : Silence, Kenny waits to see if the other guys got the message, then laughs. The rest follow, realizing what Kenny meant.
data/scripts/A_Song_of_Ass_and_Fire.md Scene Description : Kenny provides a recap of what happened last week on the show, with clips from that episode. Kenny : Previously, on South Park. Scene Description : The intro follows with the boys dresses as fantasy figures, and dramatic music matches them. Next, a white screen appears, with a
data/scripts/The_China_Probrem.md Kenny : (Damn.)

Scene Description : '[Kyle's room, moments later. Kyle is at his desk moping, his arms crossed and his face buried in them. Someone knocks twice, then opens the door. It's Stan.]'
data/scripts/Cartman_Joins_NAMBLA.md right over there. [points to them. Kenny looks] Kenny : (Thanks.) [walks over and looks at them. He sees ""Morning After Abortion Pills,"" ""Baby - B- Gone,"" ""Get it outta me! (has an unknown, real woman's face pictured)"" ""Fetus Flusher"" ""Pregnant No More Super Size."" He takes the ""Pregnant No More""
data/scripts/The_Death_of_Eric_Cartman.md this morning. Kenny : (Me too.) Kyle : He probably thinks if he apologizes to everyone, we'll think he's changed and let him back into our circle. Kenny : (That guy would try anything) Stan : Yeah, we know better than to think that. Scene Description : Butters and Cartman walk down a sidewalk, with
data/scripts/The_Return_of_Chef.md sex. Kyle : He didn't want us for sex, fatass! Something is making him say those things. Kenny : (muffled) Like what? Kyle : Something must have happened to Chef while he was gone. Maybe he hit his head or, or got stuck in some quantum time vortex. Stan : Well look, he spent the last three months
data/scripts/Going_Native.md the courage to tell Jimmy that his jokes aren't funny! [moves over to Kenny] The only kid here with any sense of dignity is Kenny, and the rest of you have your heads up your butts! [Runs back into the restroom and locks himself in. The other boys are stunned and silent]"
Which episode introduced the character of Towelie?,"“Towelie” (Season 5, Episode 8).","
data/scripts/Crippled_Summer.md Scene Description : Towelie has agreed to be in a documentary about addiction

Towelie : Hey you! You goin' swimmin'? Don't forget to bring a towel. [coughs]

Scene Description : He does not know he is about to face an intervention
data/scripts/A_Million_Little_Fibers.md name. Towelie comes out to cheers from the audience and climbs onto the sofa with some difficulty] Steven, when I read your book, I thought to myself, ""How can a human being go through all this and still turn out okay?"" Towelie : Well, I guess I'm just an extra-special tow- [stops himself] person.
data/scripts/Crippled_Summer.md Scene Description : Towelie finished treatment and is back living with his girlfriend Rebecca. He has been sober since April 26, 2010. Scene Description : If you know a towel that is suffering from addiction, please go to www.restorestephenbaldwin.org
data/scripts/Crippled_Summer.md got so many people that just love the heck out of ya, Towelie. [resumes crying] Towelie : All right. All right, I'll go. Butters : You will? Towelie : I don't wanna hurt Washcloth anymore. Jeff Van Vonderen : He's goin', everybody. Hugs! [the other boys come in and hug Towelie] Scene Description :
data/scripts/Crippled_Summer.md help today? Towelie : I I don't, I don't get this. Jeff Van Vonderen : Kyle? Kyle : [reads from a note he wrote down earlier] Towelie, over the past few months I have watched you go from an ancillary character with a few amusing catchphrases to a dried out spooge rag covered in the jizz of a
data/scripts/Osama_bin_Laden_Has_Farty_Pants.md Towelie : You mean, you don't want Towelie around?

Cartman : That's right!

Towelie : So am I to understand that there's been a ...Towelie ban?... [snorts and starts laughing]

The Boys : [not amused. Kyle covers his eyes] Awww!

Stan : Goddamnit, get the hell out of here, Towelie!
data/scripts/Crippled_Summer.md Towelie : Wha' what's goin' on?

Jeff Van Vonderen : You wanna come over, have a seat with your friends? [Butters takes a seat between Kyle and Cartman, making space for Towelie to sit between him and Kyle. Towelie follows Butters to the sofa]

Towelie : What is everybody doing here?
data/scripts/Crippled_Summer.md Stan : There's noo doubt in my mind that if we don't get Towelie help, our entire summer is gonna be ruined! [Towelie is shown lighting a joint as the camera pulls away]
data/scripts/Crippled_Summer.md Scene Description : Towelie is shown in flight

Scene Description : Towelie is going to Ocean View Terrace Treatment Center in Rancho Palos Verdes, California

Scene Description : Towelie is shown approaching the front doors to the treatment center with a small suitcase

Counselor : Hi, Towelie?
data/scripts/Crippled_Summer.md Scene Description : Towelie is shown in flight Scene Description : Towelie is going to Ocean View Terrace Treatment Center in Rancho Palos Verdes, California Scene Description : Towelie is shown approaching the front doors to the treatment center with a small suitcase Counselor : Hi, Towelie?"
"What does Stan’s dad, Randy, do in the “You’re Getting Old” episode?",He has a midlife crisis and starts attending a Grateful Dead concert.,"
data/scripts/Something_You_Can_Do_with_Your_Finger.md Stan : Dad? What the hell is going on?
data/scripts/Bloody_Mary.md Stan's dad and say, ""Is that who I want to be in thirty years? Getting tickets and having to go to elementary school classrooms and talk about how pathetic I am?"" Thank you Mr. Marsh, I think you made your point. [Randy turns away and walks out of the class]
data/scripts/Nobody_Got_Cereal?.md Stan : Yeah, because I learned a lot about-! [stops himself] Whoa whoa, what are you talking about I sound like Grandpa?

Randy : He had been talking about ManBearPig comin' since I was fuckin' 14. Nothin' new.

Stan : [turns away] Someone made a deal with it... a long time ago.
data/scripts/About_Last_Night....md Randy : Yeah, you know what? Fuck you! [Stan and Kyle are stunned]

Randy's boss : Huh?

Randy : You heard me, you fuckin' piece of shit! I can finally tell you what I think o'you, fuckin' asshole!

Stan : [quite concerned] Dad, what are you doing?!
data/scripts/Bloody_Mary.md Stan : Dad? Where the hell could he have gone??

Randy : [waddles in from Stan's right drunk, carrying two bottles of beer] Oh hey, sorry boys.

Male Voice : Later Randy.

Randy : [turns to look at the source] Hey, see you Nelson.

Stan : Dad, weren't you watching?
data/scripts/Fantastic_Easter_Special.md bag over his head so he doesn't see where they're going. Randy : I always knew this day would come, when my son would be brought into the society. Reminds me of the day I was brought in by my father. Stan : Grandpa's in it too? Randy : Of course. Marshes have been in the Hare Club For Men for
data/scripts/Bloody_Mary.md Randy : We are the same, she and I.

Man 6 : Eey, what do you think you're doin', kid?

Old woman : [in her wheelchair]You're trying to cut in line!

Stan : I just, my dad was-
data/scripts/You_Got_F'd_in_the_A.md at his dad, then at the other men] Stan : I, I don't know. He seems all right. Mr. Garrison : I could only imagine the rage building inside you, Stan. I bet you can't wait to out-dance those OC bastards! Randy : Stan? Stan? Stan : [walks to Randy's bedside] Yeah, I'm- I'm right here, Dad. Randy :
data/scripts/Grey_Dawn.md Randy : Well, I think he learned his lesson. Huh? Don't you feel silly now, Dad? I think somebody owes us all an apology. Yes he does. Stan : Oh, stop it, Dad! This is partly your fault! Randy : Huh? Stan : Look, all Grandpa wants is not to be talked to like a child. I think half of what he was
data/scripts/Death.md Stan : Yeah, but, mom!

Sharon : Here honey, talk to your father.

Randy : Did you turn the heat down?

Stan : Dad, Death is coming!

Randy : Keep the thermostat under 70, and take care of your grandfather.

Scene Description : He hangs up."
Which episode parodies the movie “The Hunger Games”?,"“The Pandemic Special” (Season 24, Episode 1).","
data/scripts/Starvin'_Marvin.md is holding food from us!!! Scene Description : They turn to look at him. Sally Struthers : Uh oh. Scene Description : She just can't eat that cake fast enough. Scene Description : South Park Forest. The battle continues. The turkeys fight valiently, but many are falling. Ike beheads a turkey.
data/scripts/Raising_the_Bar.md Scene Description : ""Token Blaaaaack Productions."" Token Black Prod. Presents... a montage.
data/scripts/Starvin'_Marvin.md vicious turkeys I warned you about. Chef : It's a, Ih-ihit's true mayor! Those turkeys just ripped apart my cafeteria! Scene Description : A platoon of turkeys march by. Chef : Whooa! You won't get away with this, you bastards! Kyle : Wow! Those are some pissed off turkeys! Scene Description :
data/scripts/Starvin'_Marvin.md is playing. Cartman stands in awe, then is overjoyed. Cartman : SNACKY CAKES!! MMMM! Scene Description : He rubs up against them lovingly. He sees a large-screen TV and a potted plant, and walks towards them. He then looks to his right and sees Sally Struthers feasting on some cake and two
data/scripts/Helen_Keller!_The_Musical.md that reads, ""Thanksgiving Turkey. Killed Humanely."" Gobbles looks at the turkeys, who look back, and then drops his head Scene Description : The South Park Community Theatre, stage. Mr. Garrison is present to introduce the show. Mr. Garrison : Hello, parents, and welcome to the 13th annual South
data/scripts/Helen_Keller!_The_Musical.md Jimbo : Holy crow. Look, boys! A real live wild turkey! [Gobbles sees the hunters and tries to run away.] It's tryin' to outsmart us! Come on, fellas! [they pursue Gobbles]

Scene Description : The South Park Community Theatre, stage. The audience watches as Wendy
data/scripts/Starvin'_Marvin.md Scene Description : The turkeys continue their attack.

Chef : We are not going to let our Thanksgiving be ruined by a bunch of turkeys.

Scene Description : Ethiopian Desert. Cartman walks slowly.

Cartman : Damn, you guys, seriously, I'm hungry. I have to eat.
data/scripts/Starvin'_Marvin.md Scene Description : A platoon of turkeys march by.

Chef : Whooa! You won't get away with this, you bastards!

Kyle : Wow! Those are some pissed off turkeys!

Scene Description : Mayor McDaniels, alarmed, steps up to the mic.
data/scripts/Starvin'_Marvin.md Sally Struthers : Uh oh.

Scene Description : She just can't eat that cake fast enough.

Scene Description : South Park Forest. The battle continues. The turkeys fight valiently, but many are falling. Ike beheads a turkey. Marvin looks on and scratches his head.

Chef : Stay close children.
data/scripts/Faith_Hilling.md Scene Description : South Park Elementary. Butters screams out in horror again while the rest of the class is still unfazed.

Butters : AAAA!!!"
"Who says, “Oh my God, they killed Kenny!”?",Stan Marsh.,"
data/scripts/Death.md Kyle : Oh my God, they killed Kenny. You Bastard!!!

Stan : Wow, I guess Death was just coming after Kenny the whole time.

Grandpa : Hey, you were supposed to kill me!

Death : Mrrr.

Grandpa : That's not fair, Goddammit! My grandpa asked me to kill him and I did it.
data/scripts/It's_Christmas_in_Canada.md Kenny : (Aah!) [Kenny explodes and pieces of him splatter all over the boys]

Stan : Oh my God, they've killed Kenny!
data/scripts/I_Should_Have_Never_Gone_Ziplining.md Stan : ...Kenny? Kenny! [Kenny has slid down on the seat, but his eyes are open]

Narrator : Kenny McCormick has died of boredom.

Kyle : Oh my God, they killed Kenny! YOU BASTARDS!

Cartman : No, not they, YOU! Look what your ziplining idea has done! You killed Kenny, YOU're the bastard!
data/scripts/Conjoined_Fetus_Lady.md The crowd jumps up and cheers. Stan : Oh my God, they killed Kenny! Kyle : [Laying on his side and out of breath.] You... bastards... Chinese commentator : Oooh, my, I haven't seen an American die like that since Abraham Lincoln! Scene Description : He chuckles. Tom : Dude, that is-a not cool!
data/scripts/The_Mexican_Staring_Frog_of_Southern_Sri_Lanka.md : Yeah, yeah, yeh-oh? Man with chair hitting Kenny : Oh, Oh! Aah! AAAAGGHH!!! [Gasps.] Ooh.. Ew [Shrieks.] Scene Description : Kenny begins crying. Kenny : [Sobbing.] (OW! OW! DUDE, PLEASE STOP!! OH, FUCK! YIKES!!!!!) Scene Description : The 3 men, Stan, & Kyle gasp in horror to see what happened.
data/scripts/Ike's_Wee_Wee.md Stan : Oh my God, they've killed Kenny!

Kyle : [Flatly] You bastards.

Scene Description : Kyle keeps walking. The crowds reconvenes, this time for Kenny's funeral.

Father Maxi : [Removes kippah and scarf.] ""Yea, let us ponder the Lord's mercy. Ashes to ashes, dust to dust.""
data/scripts/Conjoined_Fetus_Lady.md Stan : Oh my God, they killed Kenny!

Kyle : [Laying on his side and out of breath.] You... bastards...

Chinese commentator : Oooh, my, I haven't seen an American die like that since Abraham Lincoln!

Scene Description : He chuckles.
data/scripts/Cartman's_Silly_Hate_Crime_2000.md Kenny : (Huh? Uh.) [the sled hits a rock, tossing him through the air] (AAAAAA!) [slams into a tree and sticks] (Ufff!) [the brick rider slams into him, killing him] (Ugh!)

Stan : [looks up] Ooh, my God, we killed Kenny.

Kyle : We killed Kenny?
data/scripts/Damien.md Scene Description : Kenny is highlighted.

Jimbo : Ih-it's comin' right for us!

Scene Description : Jimbo pulls out a semi-automatic and fires away at Kenny. Kenny is soon on the floor with his head blown off.

Stan : Oh my God, they killed Kenny.

Kyle : You bastard!
data/scripts/Cherokee_Hair_Tampons.md Stan : Nobody wants to listen, Kenny.

Kenny : (I know.)

Stan : I don't know what else to do. I mean, he could die, Kenny. And that means we'd never see him again.

Kenny : (Uh huh.)"
"Who says, “Respect my authority!”?",Eric Cartman.,"
data/scripts/Naughty_Ninjas.md Barbrady. Barbrady : Uh, who? Randy : Hey buddy. [flanking him are the Mayor and her aides, and the Stotches] Barbrady : What do you want? Johnson : How would you like to be a policeman again? Barbrady : I'm no good as a policeman. I'm a bumbling old fool. Stephen : That is not true! Who said that?
data/scripts/Chickenlover.md Scene Description : Officer Barbrady picks Cartman up and takes the baton from him.

Officer Barbrady : No, no, that's not how you uphold the law! [He puts him down.]

Cartman : Well, he is not listening to my authoritah!
data/scripts/I'm_a_Little_Bit_Country.md to fight! Congressman : Rabble! Congressmen : Rabble Rabble Rabble Rabble Rabble Rabble Rabble! [the doors open and in walks an august figure. The boisterous voices become hushed] Oh my, it's Benjamin Franklin. It's Benjamin Franklin. It's Benjamin Franklin. [they keep murmuring this as Franklin
data/scripts/Cartman_Joins_NAMBLA.md Man : You haven't heard the last of us, officer! Together we are strong. [turns and heads for the door] Come on, men! [the others follow him out, chattering]

Officer Barbrady : [sits back down and plops his feet up] Wow, they've got activists for everything these days.
data/scripts/Chickenlover.md up and takes the baton from him. Officer Barbrady : No, no, that's not how you uphold the law! [He puts him down.] Cartman : Well, he is not listening to my authoritah! Barbrady : Oohhh, ohh, you've got it all wrong, my little friend. You do it like this: [Paf.] Bus Driver : [Going down,
data/scripts/Roger_Ebert_Should_Lay_off_the_Fatty_Foods.md Officer Barbrady : If you wouldn't mind, uugh. Could you please follow me?

Mr. Mackey : Uh oh.

Officer Barbrady : [Voice skipping up the scales.] Odle-oh who whoo?
data/scripts/Chickenlover.md a minute. You're just a kid! Cartman : [Pulls out his baton.] Maybe this'll teach you to listen to authoritah. Scene Description : Cartman starts beating him on the shins. Driver : Ow! Oo-uhow! Ow! Hey, man, what are you doing?! Ow, stop it! Cartman : [Exhales.] Yeah... Sometimes upholding the law
data/scripts/Spookyfish.md Officer Barbrady : Oh, I understand. I remember when my wife stopped getting her monthly visitor.

Randy : Uuuh, do you want your pants back?

Officer Barbrady : No. Just leave me with my dignity. [turns around and walks into the crowd] Okay, people, move along. Nothing to see here.
data/scripts/I'm_a_Little_Bit_Country.md Congressmen : Rabble Rabble Rabble Rabble Rabble Rabble Rabble! [the doors open and in walks an august figure. The boisterous voices become hushed] Oh my, it's Benjamin Franklin. It's Benjamin Franklin. It's Benjamin Franklin. [they keep murmuring this as Franklin walks towards the main desk]
data/scripts/Cow_Days.md Operator : There, you see? We have a winner!

Kyle : It worked!

Officer Barbrady : Young man, you can't just go declaring Shenanigans on innocent people! That's how wars get started!

Stan : Sorry, Officer Buttbaby.

Officer Barbrady : Barbrady!

Stan : Oh, I'm sorry. What did I say?"
What is Cartman’s famous catchphrase for calling someone a coward?,"“You fat, ugly, little Jew!”","
data/scripts/Dead_Kids.md Cartman : What do you mean?
data/scripts/Put_It_Down.md Cartman : [interrupts with his own rap. He's in a graffiti-ridden alley] Give a standing ovation for suicide in our nation Or I will rip my own guts out without one hesitation [simulates that act. Next, he's in his living room] Dedication, that's what it's taken to awaken people to care [next, he
data/scripts/Splatty_Tomato.md Cartman : Baby, put down the gun, sweetheart, okay?
data/scripts/Weight_Gain_4000.md Cartman : Well, you know, you'll just be sitting there, minding your own business, and they'll come, marching in and crawl up your leg and start biting the inside of your ass, and you'll be all like: ""EHY! GET OUT OF MY ASS YOU STUPID RAINBOWS!"" [Silence.]
data/scripts/Medicinal_Fried_Chicken.md him out of the helicopter and hangs him. Cartman is stunned, but quickly gets over it and laughs] Cartman : Dude, that was sweet! He's all choked. The Colonel : And how do I know you're not a liar too? Cartman : Hey, Colonel! I've been your biggest supporter since I was two years old! I love your
data/scripts/With_Apologies_to_Jesse_Jackson.md Mr. Nelson : Now you know how it feels. [Cartman turns around and looks at him, then bursts out laughing] You'd better shut up or i'm gonna kick your ass!

Cartman : Alright, alright, alright, who is the freaking genius who dressed it up in little suspenders? Clyde, was that you? Gahahahahaha!
data/scripts/Pee.md Cartman : [throws down his pad and pen and stands up] NO! No I don't wanna live in your world, do you understand?! Your world is cold and devoid of any humanity! Just kill me! Kill me now! DO IT! [turns away and squeezes his eyes shut.]
data/scripts/Scott_Tenorman_Must_Die.md He shoots trespassers on sight, you know. Cartman : He said it was okay. Jimbo : Alright, then. [turns to walk away, but remembers something] Wait, why the hell are you trainin' Denkins' pony to bite off someone's penis? Cartman : Because [ominously] of Scott Tenorman! I hate him! And I want to
data/scripts/Medicinal_Fried_Chicken.md to fuck me! Cartman : [grabs the phone] Hey! Hey who the fuck do you think you're talking to, huh?! Huh?! [hears someone breaking in and looks over his shoulder] Oh crap! [five men pour into the basement and start firing their machine guns at the boys, who scatter and try to escape. Two more men
data/scripts/White_People_Renovating_Houses.md Cartman : [voiceover] Anyone can convince themselves that they're the victim in a relationship. Now Heidi will have to face the truth. [He reaches the sidewalk, spins around a few times, falls on his knees, and hugs himself] Alone."
What phrase does Mr. Mackey often use?,“M’kay.”,"
data/scripts/Rainforest_Shmainforest.md Mr. Mackey : Mbien.
data/scripts/SUPER_HARD_PCness.md Mr. Mackey : Uhm'kay.
data/scripts/Insheeption.md Mr. Mackey : Hmmm, I haven't heard of that, but it- it definitely sounds bad, m'kay?

Stan : [looks around again] Mr. Mackey, is there, maybe anything you wanna talk about?

Mr. Mackey : Me? ...Like, like what?
data/scripts/Rainforest_Shmainforest.md where's Mr. Mackey? He should have been here by now. [faces the kids] Children, do any of you speak Spanish? [Cartman waves his left arm] Don't you dare! [the main door opens]
data/scripts/Up_the_Down_Steroid.md Mr. Mackey : Oh, Jimmy Valmer! Oh, okay, what about him?
data/scripts/SUPER_HARD_PCness.md Mr. Mackey : Oh, I mostly use a semi-cognitive approach adapted by Kiezrick Solomon.

Miss Conduct : Wow, you studied Solomon? He was actually my thesis in college.

Mr. Mackey : Are you serious? Nobody I talked to has ever even heard of him!
data/scripts/Clubhouses.md Mr. Mackey : [Slowly.] Uuuhh. Mmm mkay.

Randy : When was the last time you had anything interesting to say? It's always gossip and stupid crap!

Mr. Mackey : Okay uh uh uh-apparently we have a bit of a communication problem here. Uh, Mr. Marsh, tell me how you're feeling.
data/scripts/Ike's_Wee_Wee.md Scene Description : Mr. Mackey passes in front of Garrison and gets ready to speak.

Stan : [Imitating the counselor] Booooo!

Mr. Mackey : Nuh-now, who was that?

Scene Description : No one speaks.

Mr. Mackey : That is not appropriate behavior, m'kay?
data/scripts/Ike's_Wee_Wee.md Mackey. Scene Description : Mr. Mackey passes in front of Garrison and gets ready to speak. Stan : [Imitating the counselor] Booooo! Mr. Mackey : Nuh-now, who was that? Scene Description : No one speaks. Mr. Mackey : That is not appropriate behavior, m'kay? Stan : [Mimicking] I'm sorry, Mr. Mackey,
data/scripts/World_Wide_Recorder_Concert.md Mackey gets annoyed] Mr. Garrison can't let the memories end! Just leave us alone! Mr. Mackey : M'kay! Mr. Hat, you need to let me talk to Mr. Garrison, m'kay?! Mr. Hat : Why would he want to talk to a second-rate dopey-ass elementary-school psychologist?! Mr. Mackey : What did you say?! Mr. Hat :"
What is one of Cartman’s most famous insults to Kyle?,"“You’re a Jew, Kyle.”","
data/scripts/Ginger_Kids.md Kyle : [annoyed at Cartman's ignorance] What?!
data/scripts/Mr._Hankey,_the_Christmas_Poo.md Kyle : I told you not to call my mom a bitch, Cartman!

Cartman : O-ho. Weeeeeeeeeellll Kyle's mom is a bitch, she's a big fat bitch, she's the biggest bitch in the whole wide world She a stupid bitch, if there ever was a bitch, she's a bitch to all the boys and girls.

Kyle : Shut up, Cartman!
data/scripts/Mr._Hankey,_the_Christmas_Poo.md Cartman : Have you ever met my friend Kyle's mom? She's the biggest bitch in the whole wide world. She's a mean ole bitch 'cause she has stupid hair, she a bitch bitch bitch bitch bitch bitch bitch bitch bitch bitch bitch bitch bitch bitch bitch she's a stupid bitch! Kyle's mom's a bitch and she's
data/scripts/Mexican_Joker.md Cartman : Oh, hey Kyle.

Kyle : What the fuck are you doing here?!
data/scripts/1%.md Kyle : Shut the hell up, Cartman!

Cartman : Got something to say Kyle?! [grips the sides of the podium]

Kyle : How do you murder a stuffed animal?!
data/scripts/Cancelled.md Kyle : Other than his monstrous size.

Cartman : [whips an angry look at him] SHUT UP, KYLE! SHUT YOUR GOD-DAMNED MOUTH! [pulls his head back and rests it on his left hand]

Proctologist : All right, let's see here. [raises the blanket and looks down] Oh my God!!

Cartman : What?
data/scripts/I_Should_Have_Never_Gone_Ziplining.md Kyle : You fat piece of shit!

Cartman : Fuck you Kyle!

Stan : Guys, guys, does it really matter whose idea it was?!

Cartman, Kyle : Yes!
data/scripts/Cartoon_Wars_Part_I.md Cartman : Kyle, stop it!
data/scripts/The_Cissy.md Kyle : Are you okay, Cartman?
data/scripts/Red_Hot_Catholic_Love.md Cartman : [with a solid retort] That's stupid and immature, Cartman!

Kyle : [moves closer to Cartman] It is stupid and immature! So you got people to crap out of their mouths! What do you want, a freakin' medal?!"
What does Randy Marsh say when he’s excited or shocked?,"“Oh, my God!”","
data/scripts/Sarcastaball.md from Stan] Ohohh, Randy, it's happening! [cries and turns towards Randy for a hug, which he gives] Butters : [walks up and stands next to Stan] Mr. Marsh, listen. I know you care about your son, but he's a heck of a player! He's good at tickling, laughing, and getting along. Randy : Look, the point
data/scripts/Spontaneous_Combustion.md goes to: [opens the envelope] Randy Marsh, for the theory of spontaneous fart things. [the audience applauds wildly] Mephesto : [in the audience] No! No, this can't be! Randy : [at the podium, very excited] Whoa hoho, whoa! [grabs his head] Oh wow, oh, ah, I'm the best! Yeah! Yeah! Ah, it's just so
data/scripts/Trapped_in_the_Closet.md emotion, bows his head] a great honor to meet you! Scene Description : The Marsh living room. The officials and the family have entered. Randy : All right, what the hell is going on here?! President : We've been looking for your son for a long time, Mr. Marsh. He is the reincarnation of our
data/scripts/Holiday_Special.md chants, then] And the sun began to shine. Randy : That's it! Get off my property! [turns him around and shoves him towards the sidewalk] Bill : Randy, I cannot quit you. Randy : Get off my land, you piece of shit! [kicks him to the curb] Bill : Uuugh! [they both look around. Randy sees a jogger
data/scripts/The_Pandemic_Special.md Randy : Yeah thanks. [he goes inside and opens the package, but drops it once he says what's inside: a bloody heart with ""YOU'RE DEAD"" written in blood on one of the flaps. Randy is afraid, yet puzzled]

Scene Description : The barn. Randy calls up Mickey

Randy : Why did you send that to me?
data/scripts/Spontaneous_Combustion.md Randy : I-I don't know what to say.

Anchor : What an asshole! I hate that guy, and so do you. And now, on to the weather. It's fucking hot, thanks to Randy Marsh, son of a bitch!
data/scripts/Season_Finale.md Randy : Yeahhh. [jumps forward and takes a long drag]

Scene Description : Breaking News

Field reporter : Tom, I'm standing outside the government building where Randy Marsh is about to be arraigned. Protesters from both sides have gathered here. Some of them who are for the proceedings...
data/scripts/Member_Berries.md Randy : [shocked] What?

Scene Description : Marsh Dining Room

Randy : What the hell is wrong with people?! They really think that a giant douche should be President?? It's insane!

Sharon : Why'd you say I'd be voting for the turd sandwich, Randy? You haven't even talked to me about it.
data/scripts/Tweek_x_Craig.md Scene Description : The Marsh house. Randy looks inside the fridge for something to drink. He gets a bottle of gluten-free PBR. Sharon walks up to him

Sharon : Randy, you should have a talk with Stan.

Randy : For what?
data/scripts/Volcano.md Randy Marsh : What the heck is this?

Scene Description : He places a call.

Randy : Yeah, Frank, it's uh Randy, Uh huh, good, Yeah, listen, the uh, the little needle's moving. Yeah, it's going back and forth really fast-what does that mean? ...Uh huh ...Uh huh ...Let me check."
What phrase does Kenny often mumble before dying?,“Mmmph!” (due to being muffled by his hood).,"
data/scripts/Cherokee_Hair_Tampons.md Kenny : (You never seem to care when I die!)

Stan : [sobs] My friend is gonna die! He's gonna die and there's nothing I can do about it. [begins to break down] Oh, God, he's my best friend... [weeps]
data/scripts/Cherokee_Hair_Tampons.md Stan : Nobody wants to listen, Kenny.

Kenny : (I know.)

Stan : I don't know what else to do. I mean, he could die, Kenny. And that means we'd never see him again.

Kenny : (Uh huh.)
data/scripts/I_Should_Have_Never_Gone_Ziplining.md Kenny : [slurring his speech] I don't know. I really don't give a shit.

Narrator : For four elementary school boys, an alrady tragic day becomes a descent into madness on... ""I Should Have Never Got On A Goddamn Boat"" [more shots of the boys on the Puffin]
data/scripts/Best_Friends_Forever.md Peter : Welcome to the Kingdom of Heaven, Kenny. I am Peter.

Kenny : (What the fuck is going on?)

Peter : There isn't much time, Kenny. You're dead, but, your death was no accident. Heaven needs you.

Kenny : (Me?)
data/scripts/Cherokee_Hair_Tampons.md : (You never seem to care when I die!) Stan : [sobs] My friend is gonna die! He's gonna die and there's nothing I can do about it. [begins to break down] Oh, God, he's my best friend... [weeps] Kenny : [stands up] (Well now, that does it! I have had enough of this bullshit! Screw you, Stan. I'm
data/scripts/Best_Friends_Forever.md Stuart : It's a miracle... Kenny, you're alive.

Doctor : I'm afraid he can't respond to you. You see, being dead for that long, most of Kenny's brain cells died from lack of oxygen. Your son is alive, but, in what we call a ""persistent vegetative state.""

Carol : Will he ever recover?
data/scripts/City_on_the_Edge_of_Forever_(Flashbacks).md Kenny : (Heheheh. Now that's what I-he call a sticky situation!)

Scene Description : The kids laugh.

Stan : Yeah, but the monster outside couldn't be Death, because Death only touches you, it doesn't eat you.

Kenny : (Oh, yeah.)
data/scripts/Cherokee_Hair_Tampons.md Kenny is sitting there. Stan exits the store, walks over to him, and sits down next to him. Somber music plays Stan : Nobody wants to listen, Kenny. Kenny : (I know.) Stan : I don't know what else to do. I mean, he could die, Kenny. And that means we'd never see him again. Kenny : (Uh huh.) Stan :
data/scripts/Chickenlover.md Kenny : (Daaarrrggghh--)

Scene Description : Kenny flies into the brick wall at the other end of the yard.

Kenny : (-ooggghhh...)

Stan : Oh, my God! They've killed--

Kenny : (Hey.)

Stan : Oh, never mind. [Smiles.]

Mayor McDaniels : Well, how's the reading coming along?
data/scripts/Best_Friends_Forever.md I am Peter. Kenny : (What the fuck is going on?) Peter : There isn't much time, Kenny. You're dead, but, your death was no accident. Heaven needs you. Kenny : (Me?) Peter : Come! There is much to discuss. [they both enter and behold a gleaming city on a hill. Inside, the city has all the appearance"
What does Chef say when he’s about to give advice?,"“I’m gonna make love to you, woman.”","
data/scripts/You_Got_F'd_in_the_A.md Chef : Okay okay, relax children. Relax. It's all over now. Just try to calm down and sit tight. [turns around and picks up the phone] I'm gonna call your parents and let them know you're okay. [taps out a number and the phone rings] Mrs. Marsh? Hi, it's Chef. Yeah, I'm good. Listen: Stan and his
data/scripts/Die_Hippie,_Die.md goes wrong. [he looks around, panning by Chef once] Lessee, anyone would do, anyone who meets the qualifications, let's see... [his gaze passes Chef again] Oh, I know. How about- [his gaze falls upon Chef and stays there] Chef : Yeah, yeah! I get it! Fine! Steven : I I can't believe we're actually
data/scripts/The_Succubus.md Chef : [wrapped in a lavender towel, opens the door] Oh! Hello there, children!

Stan : Chef, what the hell are you doing? We almost starved to death at lunch today.

Chef : Oh! Didn't they tell you? I quit.

Kyle : Yeah, but we didn't believe them.

Chef : Well, it's true.
data/scripts/Timmy_2000.md Clinic Doctor : Hey now, don't tell us our business, Mr. Chef. Why, we-

Chef : You're damn right I'll tell you yo' business, because you two have got your heads up your asses! Thanks to you, we have children in our town that like Phil Collins!
data/scripts/The_Return_of_Chef.md sitting together] I'm gonna remember Chef... as the guy who gave us advice to live by. [Terrance and Phillip are present, weeping quietly] So you see, we shouldn't be mad at Chef for leaving us. We should be mad at that little fruity club for scrambling his brains. Randy : Yeah. Mr. Mackey : He's
data/scripts/Something_You_Can_Do_with_Your_Finger.md the bell Chef : [opens the door and appears in a towel around his waist] Oh! Oh-h, hello Eric. Cartman : [eyes downcast] Problem, Chef. I have m-many problems. Chef : Wellll, if you uhhh, come back in just a little bit, Eric, I'll see if I can help you out. [a blonde woman comes up behind Chef]
data/scripts/The_Return_of_Chef.md Stan : Dude, how are we gonna go on? Chef was our fuh...f-ffriend. [Kyle draws close and hugs him]

Scene Description : Cut to a meeting room in City Hall. The room is decorated with balloons and a sign saying ""Good Luck, Chef!!"" hangs over the town mayor
data/scripts/Something_You_Can_Do_with_Your_Finger.md Chef : [opens the door and appears in a towel around his waist] Oh! Oh-h, hello Eric.

Cartman : [eyes downcast] Problem, Chef. I have m-many problems.

Chef : Wellll, if you uhhh, come back in just a little bit, Eric, I'll see if I can help you out. [a blonde woman comes up behind Chef]
data/scripts/You_Got_F'd_in_the_A.md Chef : All right all right, quiet, children! Now, nobody's getting served if I can help it. We just gotta buckle down, dig deep, and pray that maybe the other team comes down with cancer. [Stan droops his head.]
data/scripts/The_Biggest_Douche_in_the_Universe.md Chef : Children, why didn't you tell me about this sooner?

Kyle : Well like we said, we didn't know whether or not we should care?

Chef : Well, you should. Cartman is your friend whether you like him or not! Now, come on! We've gotta get to that hospital!"
What phrase does Stan often say to Kyle to express frustration?,"“Dude, that’s so gay.”","
data/scripts/The_Death_of_Eric_Cartman.md Kyle : You can't believe it?? He does this shit all the time!

Stan : Well this time he's gone too far!

Kenny : (Yeah, fuck him!)

Stan : Why do we even hang out with him, anyway?

Kyle : Hello?? I've been saying this for years!
data/scripts/It_Hits_the_Fan.md Stan : Yeah. We all gotta make sure it doesn't come back.

Kyle : You see, we've learned something today. Swearing can be fun, but doing it all the time causes a lot of problems.

Scene Description : Cut to Kyle's home, where he's on TV

Kyle : We're all saying the S-word too much! [Ike hops in]
data/scripts/Cartmanland.md Stan : Kyle, I, I understand what you mean, but--
data/scripts/Ass_Burgers.md there. Stan : Come on, Kyle. This is about you and me, remember?! Kyle : Look, dude, things around here have changed. Sometimes, the only way to keep going is to make a left turn. Stan : [a couple of seconds of silence, then Stan gives him the finger.] Fuck you Kyle, you're a piece of shit! [Kyle
data/scripts/Chef's_Chocolate_Salty_Balls.md Stan : What the hell is he doing?

Kyle : I don't know.
data/scripts/Ass_Burgers.md Stan : [a couple of seconds of silence, then Stan gives him the finger.] Fuck you Kyle, you're a piece of shit! [Kyle sighs and walks back to the burger stand] ...Kyle, I love you. [Kyle reappears a few seconds later, and Stan gives him the finger again.] You're a piece of shit though. Fuck you!
data/scripts/Crack_Baby_Athletic_Association.md Stan : Doing what?

Kyle : Crack baby... basketball.

Stan : [somewhat startled] ...Dude.
data/scripts/Cartman_Gets_an_Anal_Probe.md Stan : That was beautiful, dude.

Kyle : Did it work?

Stan : No, they're leaving.

Kyle : Hey, you scrawny-eyed shits, what the fuck is wrong with you?! You must be some kind of fucking asshole to be able to ignore a crying child!

Stan : Whoa, dude!
data/scripts/With_Apologies_to_Jesse_Jackson.md Stan : What was his point?

Kyle : I have no idea.

Stan : Dude, I don't get it.

Kyle : I don't get it either.

Stan : [comes to a certain realization] Wait a minute. That's it! I don't get it.

Kyle : ...Huh?
data/scripts/SUPER_HARD_PCness.md Stan : [calling from his living room] Kyle, what the fuck are you doing? [Everyone present at the viewing party is there again, except Kyle]

Kyle : Oh, I'm sorry I'm taking a stand and doing something. I realize this doesn't gel with your nihilism!"
What is Butters’ catchphrase when he’s confused or scared?,"“Aw, hamburgers!”","
data/scripts/Tegridy_Farms.md Butters : Well what's that supposed to mean?!
data/scripts/The_Ungroundable.md Stephen : Hey! Butters, we are talking to you! Explain yourself, mister! [Butters stops]

Butters : I no longer need to explain anything to you, Father!

Linda : What on Earth?

Stephen : That does it! You are grounded for two weeks, you got that?!
data/scripts/The_Death_of_Eric_Cartman.md Butters : [panics, screaming] AAAAAAAAAAAAAAAAAAAAH! [Cartman leaves the bedside and hides. Butters' door opens and his parents walk in]

Stephen : Butters, what is going on?!
data/scripts/My_Future_Self_n'_Me.md Stephen : What the hell is this?!

Linda : Oh my God, our house!

Butters : [squeezes his eyes shut and buries his face in his hands] Oh Geez, ah, I'm gonna get it now.

Stephen : [both parents approach with hands on hips] Butters! Do you have an explanation for this?!
data/scripts/Marjorine.md Guys, guys, guys, stop! [everyone goes silent] Look at what this thing is doing to us. Butters was trying to tell me something outside the house. That this device is nothing but trouble. I think I know what he meant now. Jason : How could be nothing but trouble? Stan : We risked everything to get
data/scripts/Professor_Chaos.md Cartman : Butters, we have to have a very difficult conversation.

Butters : Wull what is it?
data/scripts/A_Boy_And_A_Priest.md Butters : [follows Maxi through the parking lot] But, they just don't understand you like I do.

Fr. Maxi : Stop defending me! There are things you don't know!

Butters : But it's not your fault.

Fr. Maxi : Yes it is! It is my fault!

Butters : Why?!
data/scripts/Cartman_Sucks.md Butters : [wary all of a sudden] Hey. Hey wait a minute. This ain't a trick, is it? Why you're not gonna, eh stick something icky in my mouth, are ya?
data/scripts/Tegridy_Farms.md Butters : Well, I don't know how this means you can go and punch me in the face-
data/scripts/Marjorine.md Stan : Guys, guys, guys, stop! [everyone goes silent] Look at what this thing is doing to us. Butters was trying to tell me something outside the house. That this device is nothing but trouble. I think I know what he meant now.

Jason : How could be nothing but trouble?"
What is the name of the character that runs the local pawn shop?,Jimbo Kern.,"
data/scripts/Titties_and_Dragons.md Shopper 10 : Enough with the wieners already!

Shopper 11 : Yeah, come on!

Scene Description : Back at Red Robin... Cartman is back from the restroom and looks over to the mall entrance

Cartman : Clyde? Where the hell is Clyde? Clyde?
data/scripts/Do_the_Handicapped_Go_to_Hell?.md Butters, Token, Kenny, Stan, Cartman, Pip, Bebe, Tweek, and a blond boy. A Twister game in on one side of the room, a bicycle on the other
data/scripts/Crack_Baby_Athletic_Association.md slender building, day. Cartman is chewing out someone on the phone Cartman : How hard can it be, Clyde?! You walk up to Slash when he's playing at the mall and you offer him a deal! Clyde : We must have just missed him. He was playing at Cherry Creek mall and then Flat Irons mall. Now we don't know
data/scripts/Unfulfilled.md Mall Worker 1 : There are many, and yet none. [other workers come out of the woodwork and hiss]

Scene Description : The Stotch house, day. Linda is at the sofa knitting while Butters reads Mystery Comics. The front door opens and Stephen enters
data/scripts/Unfulfilled.md Mall Workers : Aww!

Stan : What?

Mall Worker 1 : [pops his head out from behind the counter.] We do not have the inventory that online wholesalers can provide. [hisses and hides again]

Cartman : This is a waste of time, you guys.

Kenny : (Yeah. Shit, let's get the fuck out of here.)
data/scripts/Unfulfilled.md Mall Workers : Aww! Stan : What? Mall Worker 1 : [pops his head out from behind the counter.] We do not have the inventory that online wholesalers can provide. [hisses and hides again] Cartman : This is a waste of time, you guys. Kenny : (Yeah. Shit, let's get the fuck out of here.) Mall Worker 7 :
data/scripts/Lil'_Crime_Stoppers.md Scene Description : Cartman's basement, next day. The boys are back at playing Laundromat. The wall under the stairs has been removed to show the washer and dryer, which are now framed by a doorway saying ""Employees Only."" Two clothes racks are seen, and the detectives' desks are refashioned as
data/scripts/Unfulfilled.md one still at the mall? Mall Worker 1 : There are many, and yet none. [other workers come out of the woodwork and hiss] Scene Description : The Stotch house, day. Linda is at the sofa knitting while Butters reads Mystery Comics. The front door opens and Stephen enters Linda : There he is! [drops her
data/scripts/Crack_Baby_Athletic_Association.md Scene Description : The slender building, day. Cartman is chewing out someone on the phone

Cartman : How hard can it be, Clyde?! You walk up to Slash when he's playing at the mall and you offer him a deal!
data/scripts/Titties_and_Dragons.md Scene Description : Cartman's house, afternoon. The eleven who went to EVGames - Timmy, Tweek, Craig, Clyde, Kenny, Token, Kyle, Butters, Jimmy, Cartman, Stan - and Scott are in the living room. Cartman and Stan are playing while the others are behind them, watching."
Which character serves as the principal of South Park Elementary?,Principal Victoria.,"
data/scripts/Ass_Burgers.md : South Park Elementary, Fourth Grade. Stan is in class, looking sad, and the seats that would hold Kyle, Kenny, and Cartman are empty. Mr. Garrison : And so children, at noon today, all the girls will go to the gymnasium for their vaccinations, and boys will head on out to recess. [on the
data/scripts/1%.md Scene Description : South Park Elementary, day. The school has been assembled in the auditorium. Principal Victoria, Mr. Adler, and Mr. Mackey are on stage with a representative from SPUSD, or something. The image the rep stands in front of is the presidential seal, with the words ""PRESIDENT'S
data/scripts/1%.md Scene Description : South Park Elementary, day. The school has been assembled in the auditorium. Principal Victoria, Mr. Adler, and Mr. Mackey are on stage with a representative from SPUSD, or something. The image the rep stands in front of is the presidential seal, with the words ""PRESIDENT'S
data/scripts/Cherokee_Hair_Tampons.md building is shown. Inside, the South Park School Board is meeting. Principal Victoria is present among the three people seated around a horseshoe-shaped table. Chairman : Mr. Garrison, after very careful review the school board believes that you should take a... hiatus from teaching. Indefinitely.
data/scripts/The_Snuke.md Mrs. Garrison : What the hell?

Principal Victoria : [over the PA system] All students are to evacuate the school immediately! [Baahir looks around]

Scene Description : The front of South Park Elementary, later. The kids pour out happily.
data/scripts/Toilet_Paper.md Scene Description : South Park Elementary, next day. Officer Barbrady enters the principal's office.
data/scripts/SUPER_HARD_PCness.md PC Principal : Alright everyone, listen up. As you know, there's been a lot of bullying and insensitivity at our school. To counteract this, it is my firm belief that South Park Elementary is in desperate need of s a strong woman. So in looking for a new vice principal, we wanted to find a
data/scripts/Where_My_Country_Gone?.md Scene Description : South Park Elementary, next day. Mr. Garrison enters his classroom along with his students.
data/scripts/Dead_Kids.md Scene Description : South Park Elementary, Principal's office. Mr. Mackey stands over PC Principal's left shoulder
data/scripts/Dead_Kids.md probably. [turns around and walks down the hallway to the stairs] Scene Description : South Park Elementary, Principal's office. Mr. Mackey stands over PC Principal's left shoulder PC Principal : I understand that there have been some problems here at the school lately. A lot of students are"
Which band is frequently parodied in South Park episodes?,The Beatles.,"
data/scripts/The_Tooth_Fairy_Tats_2000.md The South Park boys : Wow!
data/scripts/Cow_Days.md In fact, they never came to South Park. We've never heard of them. Officer Barbrady : Ooh, phew, I feel a lot better, then, although I could've swore that I had heard of them and they starved to death in my prison. Scene Description : The bus stop. Stan and Kyle are swimming in Terrance and Phillip
data/scripts/You_Got_F'd_in_the_A.md then the SP side. The Blacks, Jimbo, Ned, Skeeter, and Mr. Garrison are in that audience. The South Park crew is then shown with Chef MC : Ladies and Gentlemen, Scene Description : The Marshes are shown, Randy with his portable oxygen tank and wheelchair. MC : man, you are all in for a treat!
data/scripts/Red_Man's_Greed.md learned that South Park is more than just a town. It's a community that nobody can split up. Stan : Dude, who the hell are you? Alex : Alex. Alex Glick. I got to come on and do the guest voice thingy. Kyle : What?! Get the hell out of here! Alex : Hi Mom! Hi Dad! Hi Jill!
data/scripts/Chef_Goes_Nanners.md Scene Description : South Park, the offices of Brovlofski and Jackson, Attorneys At Law. Kyle and Stan have assembled their team there. Kenny, Craig and Tweek are there with two others.
data/scripts/Fat_Camp.md Scene Description : South Park, day. At the television studio preparations are made for Kenny's test of endurance. Tweek, Token, Clyde, Butters, and Kyle (with hammer) are onstage. The sounds of sawing and hammering fill the air. Ms. Crabtree is prepped for the test, with her legs spread open and
data/scripts/The_City_Part_of_Town.md this guy is the best their town has to offer, can you imagine who he left behind? [affecting a hick accent] ""Oh hey, I'm from South Park! We don't take kindly to respecting human beings!"" [a shot of Randy and Sharon watching from the sofa with their jaws dropped] You, you think South Park has a
data/scripts/The_City_Part_of_Town.md of Randy and Sharon watching from the sofa with their jaws dropped] You, you think South Park has a university? ""Welcome to South Park University."" [a shot of Gerald and Sheila in bed, watching with jaws dropped] ""Please open your shotguns and slap your wives!"" [a shot of Butters watching the show
data/scripts/A_Song_of_Ass_and_Fire.md Kenny : Previously, on South Park.

Scene Description : The intro follows with the boys dresses as fantasy figures, and dramatic music matches them. Next, a white screen appears, with a silhouette of a black wall and a crow on it. The crow calls out
data/scripts/Wieners_Out.md Scene Description : South Park Community Center. A group of guys are in a social group hosted by Randy.

Randy : Gerald. Hey come on in. You're not alone, bud. We're all facing the same struggles and trying to do something about it. Anyways please continue, Richard."
What is the name of the theme park in South Park that’s frequently referenced?,Casa Bonita.,"
data/scripts/Woodland_Critter_Christmas.md Scene Description : A panoramic view of South Park, day. Holiday music is heard in the background, and the scenes are played out as the narrator mentions them.
data/scripts/Woodland_Critter_Christmas.md Scene Description : A panoramic view of South Park, day. Holiday music is heard in the background, and the scenes are played out as the narrator mentions them. Narrator : Way up in the mountains in a small little town, The Main Street was being decorated all up and down. People stood in long lines,
data/scripts/The_City_Part_of_Town.md white town called South Park, Colorado. Or Shit-heads of America, Incorporated, I'm not sure. Yeah, if this guy is the best their town has to offer, can you imagine who he left behind? [affecting a hick accent] ""Oh hey, I'm from South Park! We don't take kindly to respecting human beings!"" [a shot
data/scripts/Stanley's_Cup.md Scene Description : South Park Recreation Center, looking more sophisticated than before. A hockey rink is in place, with kindergartners inside moving around. Stan is near the center's entrance moving towards the rink. Kids fall and get back up as they struggle to skate. Stan reaches the rink's
data/scripts/Margaritaville.md Scene Description : South Park, sometime later. Everyone is wearing blankets instead of clothes, in the forms of togas and cloaks. People have begun to ride llamas, carry stuff in wooden boxes, and leave bales of hay around for the llamas and oxen. Businesses all along the street have shuttered
data/scripts/Asspen.md Scene Description : They proceed into town, a tourist mecca, passing all sorts of high-priced tony stores. The scene freezes, and the new title comes up: ""South Park in Aspen"", then the scene continues. The adults are in happy awe as a woman walks by with her two poodles in front of a jewelry
data/scripts/200.md place of an annoyed Mickey Mouse.] Sally Struthers : South Park, Colorado, is the most racist, insensitive, and bigoted place in this country! [George Lucas holding onto a ball-gagged Indiana Jones] George Lucas : That town thinks they can say whatever they want about people and get away with it!
data/scripts/Titties_and_Dragons.md Scene Description : South Park Mall, night. A huge crowd of people waits to get in, and minor scuffles pop up from time to time. Niles reports
data/scripts/Chickenlover.md gets the note. Anchor : This just in! South Park is plunged into total anarchy! Scene Description : A camera pans across the rioting. Anchor : Exactly two seconds after the retirement of Officer Barbrady, looting and pillaging erupted in the quiet mountain town! Scene Description : A man comes and
data/scripts/Smug_Alert!.md now Scene Description : South Park Town Square, day. The stage is set up for a speech. On the curtains is a banner with a flag over it. The banner reads: WAKE UP AMERICA! Speaker : And so we are here to honor Stan Marsh for making South Park the city with the highest percentage of hybrid owners in"
What is the name of the local news anchor in South Park?,Tom Tucker.,"
data/scripts/Die_Hippie,_Die.md Scene Description : Breaking News

Announcer : This is a South Park News special report! [a crowd scene is shown beside the anchorman]
data/scripts/A_Very_Crappy_Christmas.md Assistant : [whispers into the anchor's ear] In South Park.

News Anchor : Oh really?

Scene Description : South Park, Cartman's house, day. The report is over
data/scripts/Smug_Alert!.md Scene Description : South Park breaking news. Awesome graphics

Announcer : This is a South Park News Weather Bulletin!

Anchor Tom : It looks like we have a smug alert here in South Park. Our own Keenan Williams has the details. Keenan?
data/scripts/Die_Hippie,_Die.md Scene Description : Breaking News

Announcer : This is South Park News!

Anchorman : Fear and horror in South Park today as the music festival continues to grow. [live footage is shown] They're arriving in droves and apparently no end is in sight.
data/scripts/Miss_Teacher_Bangs_a_Boy.md Scene Description : News 4 Newsbreak: A reporter in front of the South Park Courthouse
data/scripts/Die_Hippie,_Die.md : [panics] S-stan. STAAAN! Scene Description : Breaking News Announcer : This is South Park News! Anchorman : Fear and horror in South Park today as the music festival continues to grow. [live footage is shown] They're arriving in droves and apparently no end is in sight. Reporter : Tom, the crowd
data/scripts/The_Coon.md Scene Description : A Channel 9 Newscast begins.

Anchor : Tonight an incredible story of an unknown child in South Park who has taken to the streets in an effort to fight crime.

Cartman : [suddenly hopeful, looks at the TV] Wha, what?
data/scripts/Smug_Alert!.md Description : South Park breaking news. Awesome graphics Announcer : This is a South Park News Weather Bulletin! Anchor Tom : It looks like we have a smug alert here in South Park. Our own Keenan Williams has the details. Keenan? Keenan : [at the weather desk] Thanks, Tom, a smug alert is in effect
data/scripts/Smug_Alert!.md the news station! Our situation just got a lot worse! Scene Description : South Park News station, later. Stan looks over Keenan's shoulder as McFriendly, Cartman and Butters look on Keenan : I noticed it on the computer this morning. Look here. [a satellite map is shown, with a closeup window over
data/scripts/Die_Hippie,_Die.md Scene Description : Breaking News Announcer : This is a South Park News special report! [a crowd scene is shown beside the anchorman] Anchorman : Thousands of people have descended on South Park for a hippie music jam festival. The event is said to be the largest such gathering in the history of"
What is the name of the Mexican restaurant in South Park?,“La Casa Bonita.”,"
data/scripts/Chef_Goes_Nanners.md Scene Description : South Park Supermarket, after school. Chef is at the entrance with a petition in his hands. With him are Wendy, Bebe, Clyde, and Butters. Some folks head for the store…
data/scripts/The_City_Part_of_Town.md : There's a new and exciting prace where people can gather to shop, experience and grow. This is an all-new food and nightrife district. This, is CtPaTown. Where else but CtPaTown can you get all the shitty hot spots and shitty food that South Park is known for? In the mood for some local seafood?
data/scripts/Chef_Goes_Nanners.md school. Chef is at the entrance with a petition in his hands. With him are Wendy, Bebe, Clyde, and Butters. Some folks head for the store… Chef : Sign up to join me, and come marching to the Mayor's office in protest of the South Park flag! [the shoppers brush on by and enter the store, and the
data/scripts/The_City_Part_of_Town.md Tuong Lu Kim : There's a new and exciting prace where people can gather to shop, experience and grow. This is an all-new food and nightrife district. This, is CtPaTown. Where else but CtPaTown can you get all the shitty hot spots and shitty food that South Park is known for? In the mood for some
data/scripts/Butters'_Very_Own_Episode.md Mechanic : [watches Butters leave] ...or is South Park down that rod?

Scene Description : I Am Siam Thai Cuisine restaurant, day. Inside, the Ramseys and the Stotches are seated at a booth, men on the inside, women on the outside. Lunch is served
data/scripts/South_Park_is_Gay!.md Chef : Oh no! Damnit! Don't call it that! [the door closes]

Scene Description : South Park Train Station. Kyle approaches a ticket booth.

Kyle : One ticket to New York, please.

Clerk : [handing a ticket over] You're going to New York alone?
data/scripts/Jared_Has_Aides.md scoops it up and eats it.] Scene Description : Kenny McCormick Memorial Town Square, later. Subway Representative : Ladies and gentlemen, we at Subway are happy to inform you that Jared has elected to stay in South Park in order to speak to you once again! [the crowd oohs and aaha] Man 1 : He's
data/scripts/The_Return_of_Chef.md Chef : N-No! No.

Randy : Ohhh, so have you decided you can still belong to the Super Adventure Club but live here in South Park again?

Chef : That's right.
data/scripts/The_City_Part_of_Town.md Well, now you can. Announcing: the Villas at Kenny's House. The most sought-after address in all of South Park for only the very privileged few. Now you can relax in your state-of-the-art deck spa while taking in views of that mixed SoDoSoPa culture. [a view of the back of Kenny's house. Stuart and
data/scripts/The_Return_of_Chef.md Club but live here in South Park again? Chef : That's right. Randy : Well, it seems like the Super Adventure Club was just what you needed, Chef. You must be feeling very happy that you found a club to belong to with new friends, but that you can also live here in South Park with all your old"
What is the name of the town’s radio station?,K-Dawg Radio.,"
data/scripts/Truth_and_Advertising.md everywhere. [brings out a photo book and flips through some pictures] Thirty miles south of here in the town of Fairplay, they've changed the area north od Downtown into NoDoFoPa. A rundown area south of the capital in Cheyenne, Wyoming, is now historic SoCaCheyWo. Channel Street in mid-Chicago is
data/scripts/Truth_and_Advertising.md they've changed the area north od Downtown into NoDoFoPa. A rundown area south of the capital in Cheyenne, Wyoming, is now historic SoCaCheyWo. Channel Street in mid-Chicago is being revitalized into Chimichanga.
data/scripts/Red_Sleigh_Down.md Townsfolk : [sympathizing] Awww.

Mayor McDaniels : Well, we'd love a Christmas song, wouldn't we, folks?

Townsfolk : Christmas songs! Christmas songs! Christmas songs!
data/scripts/I'm_a_Little_Bit_Country.md Mayor McDaniels : Quiet people! The town square is public space. That means if neither group will nicely and maturely move the day of its rally, I'll just have to give the town square to both groups. Jimbo : All right, that's fine! Because our war support songs will be a thousand times better!
data/scripts/Christmas_Snow.md sings and plays piano while the Mayor waits her turn to speak..Families are present, but there are stands for wine, beer, and cocktails. Mr. Mackey sings ""Happy Holidays"" as the townsfolk enjoy their drinks.
data/scripts/The_Problem_with_a_Poo.md Description : The town square. Mr. Hankey gets the Christmas stage ready Mr. Hankey : Christmas time. It's Christmas time. Christmas time. Yeah, it's Christmas time . Mayor McDaniels : [appears to his right with a crowd of citizens] Hankey! [he looks up and notices the crowd] We need to talk about
data/scripts/I'm_a_Little_Bit_Country.md Tom : Tom, I'm standing in the town square where the war rally has been going on for an incredible eighty-seven hours. The crowd still appears to be split right down the middle - half of them support country music, and the other half rock-n-roll. Let's listen in.
data/scripts/I'm_a_Little_Bit_Country.md wants to hear a bunch o' rock protest songs! [both side begin to clamor again] Mr. Mackey : Well up yours, rednecks! Townsfolk : Rabble! Rabble! Rabble! Rabble! Rabble! Rabble! Rabble! Rabble! Rabble! Mayor McDaniels : Quiet people! The town square is public space. That means if neither group will
data/scripts/World_Wide_Recorder_Concert.md and away] Scene Description : The concert is introduced. Live-action shots throughout Announcer : Live, from Oklahoma City! [its skyline is shown] Four million third-grade students [a crowd of them is shown] from all over the country [a school bus full of students is shown] playing ""My Country 'Tis
data/scripts/The_City_Part_of_Town.md white town called South Park, Colorado. Or Shit-heads of America, Incorporated, I'm not sure. Yeah, if this guy is the best their town has to offer, can you imagine who he left behind? [affecting a hick accent] ""Oh hey, I'm from South Park! We don't take kindly to respecting human beings!"" [a shot"
What is the name of the popular television show the kids often parody in the show?,“Wheel of Fortune.”,"
data/scripts/Wing.md you children take a moment today to congratulate Token for being so special. Scene Description : South Park Elementary, lunchtime. Stan and friends sit at a table just outside the school kitchen. They're deep in thought Stan : Wow, two hundred dollars. Can you imagine? Kyle : How come we never get
data/scripts/Fishsticks.md Scene Description : South Park Elementary, day. The kids are having lunch in the school cafeteria. Stan and Kyle sit opposite each other this time.

Cartman : And then it was on Leno and the Jimmy Kimmel show! Dude, that's our joke on national television.

Kyle : We know, Cartman!
data/scripts/Chef_Goes_Nanners.md children. Do your homework, and let's get ready for a great debate! Scene Description : South Park Elementary, cafeteria. Kids enjoy their meals. Craig enters the kitchen, followed by Stan, Kyle, Butters, and someone else Stan, Kyle : Hello, Chef. Chef : [in a foul mood] My name isn't Chef anymore,
data/scripts/Gluten_Free_Ebola.md Scene Description : South Park Elementary, day. The boys are indeed back at school, their crowdfunding venture having fizzled on the fires of an offensive trademark. Students head to their classrooms. The main four come in looking bright and ready to go

Kyle : Hey guys!

Stan : Morning!
data/scripts/Gluten_Free_Ebola.md Scene Description : South Park Elementary, day. The boys are indeed back at school, their crowdfunding venture having fizzled on the fires of an offensive trademark. Students head to their classrooms. The main four come in looking bright and ready to go Kyle : Hey guys! Stan : Morning! Cartman :
data/scripts/With_Apologies_to_Jesse_Jackson.md Scene Description : South Park Elementary, morning. The kids arrive at school.

Scene Description : South Park Elementary hallway. Stan, Kyle, Cartman and Kenny walk into view.

Kyle : Dude, did your dad know that the show was being broadcast live?
data/scripts/Chef_Goes_Nanners.md Mr. Wyland : Alright, children. Do your homework, and let's get ready for a great debate!

Scene Description : South Park Elementary, cafeteria. Kids enjoy their meals. Craig enters the kitchen, followed by Stan, Kyle, Butters, and someone else

Stan, Kyle : Hello, Chef.
data/scripts/Quest_for_Ratings.md Announcer : This is South Park Elementary School closed-circuit television. And now, [dramatic fanfare] Time with the Sexy Action School News! [a splashy logo appears with a small explosion behind the logo, then a female silhouette walking across the screen behind the words]
data/scripts/Chef_Goes_Nanners.md Everybody loves children. Tell the press. South Park Elementary will be holding a vote on Friday! Scene Description : South Park Elementary, school library. Wendy has three stacks of books to pore over, Cartman is playing with his toys Wendy : This might come in handy. It says here that recently a
data/scripts/Splatty_Tomato.md You know, those shows can be really harmful. Ike : Ohhh, stop being a victim! Jesus Christ! [turns left and walks away. Kyle is left with his jaw dropped, then goes back to moping] Scene Description : South Park, Elementary, day. It's raining outside. The Principal's office. A father is expressing"
Who is the host of “America’s Next Top Model” in South Park?,Tyra Banks.,"
data/scripts/Weight_Gain_4000.md Park? Mr. Garrison : And the presentation will be on national television. Stan, Kyle : Television! Mr. Garrison : [Thinking to himself.] Kathie Lee Gifford. I don't believe it. Scene Description : City Hall. Mayor's Office. Mayor McDaniels : Kathie Lee Gifford in South Park! Oh my God! This is our
data/scripts/Weight_Gain_4000.md Wendy : What?

Mr. Garrison : Wait, wait, there's more. It says here that Eric's trophy will be presented to him by...Kathie Lee Gifford.

Kyle : Kathie Lee is coming to South Park?

Mr. Garrison : And the presentation will be on national television.

Stan, Kyle : Television!
data/scripts/You_Got_F'd_in_the_A.md then the SP side. The Blacks, Jimbo, Ned, Skeeter, and Mr. Garrison are in that audience. The South Park crew is then shown with Chef MC : Ladies and Gentlemen, Scene Description : The Marshes are shown, Randy with his portable oxygen tank and wheelchair. MC : man, you are all in for a treat!
data/scripts/Cartman's_Mom_is_Still_a_Dirty_Slut.md What the hell is this?! Cameraman : We've lost the feed to L.A. John Walsh : Uuuhm... We-we seem to have lost our linkup to the South Park crew, sso I guess we'll be going to our featured movie, Who Framed Roger Rabbit. Announcer 1 : Who framed Roger Rabbit? Was it Jimbo? Mr. Garrison? Chef?
data/scripts/Jared_Has_Aides.md Announcer : Hey South Park! [camera switches to the TV. Jared is shown munching away on a sub sandwich behind splash bubbles saying ""JARED LIVE"" ""FREE SUBS"" and ""LOSE WEIGHT"" and ""MEET JARED"" ""SOUTH PARK, COLORADO""] You can meet Jared IN PERSON March 6 at the Kenny McCormick Memorial Town Square!
data/scripts/Chef_Goes_Nanners.md Scene Description : South Park, the offices of Brovlofski and Jackson, Attorneys At Law. Kyle and Stan have assembled their team there. Kenny, Craig and Tweek are there with two others.
data/scripts/You_Got_F'd_in_the_A.md shown] And the challengers, the South Park Diggitys! Jimbo : Man, it is about to get crazy up in here. Mr. Garrison : Aww, yeah. MC : A'ight y'all. It's showtime! Announcer : Dancers to the floor! [the OC Crew steps forth] Mercedes : [runs up to Stan] Stan. Stan, we have a big problem! Stan : What?
data/scripts/Chef's_Chocolate_Salty_Balls.md Director 4 : Ohuh no, wait, that's not him.

Scene Description : The audience groans.

Kyle : Ladies and gentlemen, my best friend, Mr. Hankey, is getting sick because South Park has become overcrowded with people who eat health food.
data/scripts/The_City_Part_of_Town.md this guy is the best their town has to offer, can you imagine who he left behind? [affecting a hick accent] ""Oh hey, I'm from South Park! We don't take kindly to respecting human beings!"" [a shot of Randy and Sharon watching from the sofa with their jaws dropped] You, you think South Park has a
data/scripts/With_Apologies_to_Jesse_Jackson.md Randy : Yeah. Hi, everybody watching in South Park!

Jimbo : That's us!

Stephen : Hehey! [both thumbs up]

Man 1 : [amid other chatter, voice only] Hey Randy!

Jimbo : Good luck!

Scene Description : Back to the studio."
Which character had their own reality TV show in “South Park”?,Paris Hilton.,"
data/scripts/Red_Man's_Greed.md learned that South Park is more than just a town. It's a community that nobody can split up. Stan : Dude, who the hell are you? Alex : Alex. Alex Glick. I got to come on and do the guest voice thingy. Kyle : What?! Get the hell out of here! Alex : Hi Mom! Hi Dad! Hi Jill!
data/scripts/You_Got_F'd_in_the_A.md then the SP side. The Blacks, Jimbo, Ned, Skeeter, and Mr. Garrison are in that audience. The South Park crew is then shown with Chef MC : Ladies and Gentlemen, Scene Description : The Marshes are shown, Randy with his portable oxygen tank and wheelchair. MC : man, you are all in for a treat!
data/scripts/Chef_Goes_Nanners.md Scene Description : South Park, the offices of Brovlofski and Jackson, Attorneys At Law. Kyle and Stan have assembled their team there. Kenny, Craig and Tweek are there with two others.
data/scripts/Band_in_China.md Mickey : Who is this?! I don't know you?! Are you from Pixar?!

Randy : No, I'm from South Park.

Mickey : What's South Park? Do I own that?!

Off-Screen Assistant : No, not yet sir.
data/scripts/The_City_Part_of_Town.md this guy is the best their town has to offer, can you imagine who he left behind? [affecting a hick accent] ""Oh hey, I'm from South Park! We don't take kindly to respecting human beings!"" [a shot of Randy and Sharon watching from the sofa with their jaws dropped] You, you think South Park has a
data/scripts/Chef's_Chocolate_Salty_Balls.md : The audience buzzes and cameras flash everywhere, Kyle shields his eyes. Kyle : Aaahh! Director 4 : Ohuh no, wait, that's not him. Scene Description : The audience groans. Kyle : Ladies and gentlemen, my best friend, Mr. Hankey, is getting sick because South Park has become overcrowded with
data/scripts/Weight_Gain_4000.md Park? Mr. Garrison : And the presentation will be on national television. Stan, Kyle : Television! Mr. Garrison : [Thinking to himself.] Kathie Lee Gifford. I don't believe it. Scene Description : City Hall. Mayor's Office. Mayor McDaniels : Kathie Lee Gifford in South Park! Oh my God! This is our
data/scripts/Cartoon_Wars_Part_I.md Guy doesn't care who they insult! They only care about their... precious money! Stan : Oh come on, people. You really think anybody's gonna be that pissed off about a cartoon?? Mr. Mackey : Wu-we've got the TV working! [the picture comes into focus] Scene Description : South Park News 4, Anchor Tom
data/scripts/Cartoon_Wars_Part_I.md Stan : Oh come on, people. You really think anybody's gonna be that pissed off about a cartoon??

Mr. Mackey : Wu-we've got the TV working! [the picture comes into focus]

Scene Description : South Park News 4, Anchor Tom reporting
data/scripts/Big_Gay_Al's_Big_Gay_Boat_Ride.md Kyle : Well, maybe Mr. Garrison is wrong. You should ask somebody else.

Stan : Like who?

Scene Description : Inside Stan's house, Jesus and Pals' title screen is on TV.

TV Announcer : And now back to Jesus and Pals on South Park public access."
Which South Park episode parodies The Matrix?,"“The Matrix” parody is in “The Matrix” (Season 9, Episode 3).","
data/scripts/You_Got_F'd_in_the_A.md then the SP side. The Blacks, Jimbo, Ned, Skeeter, and Mr. Garrison are in that audience. The South Park crew is then shown with Chef MC : Ladies and Gentlemen, Scene Description : The Marshes are shown, Randy with his portable oxygen tank and wheelchair. MC : man, you are all in for a treat!
data/scripts/Free_Hat.md Announcer : [""COMING THIS SUMMER""] Coming, this summer! [""RE-RELEASE OF EPISODE 1 SOUTHPARK""] It's the digitally-re-enhanced re-release of the very first pilot episode of South Park! [scenes from ""Cartman Gets An Anal Probe"" play - the cafeteria, the boys walking down the street, Stan, Kyle, and
data/scripts/The_Tooth_Fairy_Tats_2000.md The South Park boys : Wow!
data/scripts/Chef's_Chocolate_Salty_Balls.md : The audience buzzes and cameras flash everywhere, Kyle shields his eyes. Kyle : Aaahh! Director 4 : Ohuh no, wait, that's not him. Scene Description : The audience groans. Kyle : Ladies and gentlemen, my best friend, Mr. Hankey, is getting sick because South Park has become overcrowded with
data/scripts/South_ParQ_Vaccination_Special.md Scott : We'll see who's stupid! [runs towards Stan, punching him in the face] Scene Description : The boys fight with the Lil' Qties, shouting at each other. Butters runs around waving an American flag. The scene cuts away to a breaking news broadcast. Chris : Tom, I'm standing outside South Park
data/scripts/Free_Hat.md : [""COMING THIS SUMMER""] Coming, this summer! [""RE-RELEASE OF EPISODE 1 SOUTHPARK""] It's the digitally-re-enhanced re-release of the very first pilot episode of South Park! [scenes from ""Cartman Gets An Anal Probe"" play - the cafeteria, the boys walking down the street, Stan, Kyle, and Wendy in the
data/scripts/Fat_Camp.md Stan : Did you like the old one?

Kyle : Good point.

Scene Description : Jesus and Pals

Announcer : And now back to Jesus and Pals, on South Park Public Access.
data/scripts/The_Problem_with_a_Poo.md Mr. Hankey : Yay! It's a deal! Oh boy, Kyle, I'm so excited! We're gonna bring the spirit of Christmas to South Park!

Scene Description : The neighborhood park, day. PC Principal and Strong Woman take the quints out for a stroll

Jogger : Oho, look at the little PC babies!
data/scripts/The_Problem_with_a_Poo.md South Park 13. [inside, Kyle gets his papers ready as the courtroom audience takes its seats] Mr. Waithouse : Mr. Hankey- [Mr. Hankey sniffles] Fourteen hours ago did you or did you not say ""everyone in South Park is a Goddamend douchebag""? Mr. Hankey : Y-es. That was a bad attempt at a Christmas
data/scripts/Chef's_Chocolate_Salty_Balls.md Director 4 : Ohuh no, wait, that's not him.

Scene Description : The audience groans.

Kyle : Ladies and gentlemen, my best friend, Mr. Hankey, is getting sick because South Park has become overcrowded with people who eat health food."
In which episode do the boys parody the Lord of the Rings trilogy?,"“The Lord of the Rings” parody is in “The Lord of the Rings” (Season 6, Episode 9).","
data/scripts/The_Return_of_the_Fellowship_of_the_Ring_to_the_Two_Towers.md boys approach. Kyle knocks, Stephen and Linda open the front door. Stephen : Oh, hello boys. Stan : My father has asked that we bring you this copy of Lord of the Rings. Stephen : Well, thank you very much, kind heroes. Cartman : Perhaps a reward is in order. Gold? Frankensteincense? Stephen : Oh,
data/scripts/The_Return_of_the_Fellowship_of_the_Ring_to_the_Two_Towers.md turns off the TV, gets the video out, and reads] This is Lord of the Rings! Sharon : But then that mean..? Randy : The boys have the hottest porno ever made. Scene Description : Stotch residence. The boys approach. Kyle knocks, Stephen and Linda open the front door. Stephen : Oh, hello boys. Stan :
data/scripts/The_Return_of_the_Fellowship_of_the_Ring_to_the_Two_Towers.md Kyle : That quest sucks, Cartman! Think of another one!

Randy : [entering] Uh, boys, [the boys look up] Butters' parents want to borrow The Lord of the Rings video we rented. Could you take it over to them?
data/scripts/The_Return_of_the_Fellowship_of_the_Ring_to_the_Two_Towers.md Scene Description : The woods, later. The boys walk through it.

Narrator : The quest continued to return The Lord of the Rings to the video store.

Stan : Man, we should have never crossed that stupid river.

Kyle : Yeah. Good job, wizard fat ass! Now we're totally lost.
data/scripts/The_Return_of_the_Fellowship_of_the_Ring_to_the_Two_Towers.md Sharon : But then that mean..?

Randy : The boys have the hottest porno ever made.

Scene Description : Stotch residence. The boys approach. Kyle knocks, Stephen and Linda open the front door.

Stephen : Oh, hello boys.

Stan : My father has asked that we bring you this copy of Lord of the Rings.
data/scripts/The_Return_of_the_Fellowship_of_the_Ring_to_the_Two_Towers.md Uh, boys, [the boys look up] Butters' parents want to borrow The Lord of the Rings video we rented. Could you take it over to them? Stan : You're sending us on... a quest? You ask of us to take the one video to the House of Butters? Randy : Yeah, whatever. Cartman : It shall be a long journey with
data/scripts/The_Return_of_the_Fellowship_of_the_Ring_to_the_Two_Towers.md Scene Description : The woods, later. The camera moves from a clearing to a tree with a large root shading a pocket underneath. The boys come into view. Kyle : We can't let those sixth graders get their hands on this videotape. Cartman : I must say I agree. If this copy of The Lord of the Rings is
data/scripts/The_Return_of_the_Fellowship_of_the_Ring_to_the_Two_Towers.md Luckily, Cartman's big enough for the both of us. [a bit lower] Shut up, Kenny. Scene Description : Kenosha Pass, snowing. The boys walk along the highway through the pass. Narrator : So it was that the heroes traveled many miles to return The Lord of the Rings to the video store. Kyle : We have
data/scripts/The_Return_of_the_Fellowship_of_the_Ring_to_the_Two_Towers.md Chris, are the boys over here? Linda : No, just Butters. He's been watching The Lord of the Rings downstairs. Sharon : Oh, dear! Stephen : What's the matter? Randy : We... [now nervous] Well, this is really sort of funny, but uh, we, we accidentally put a...porno in The Lord of the Rings box.
data/scripts/The_Return_of_the_Fellowship_of_the_Ring_to_the_Two_Towers.md : Oh, god-damnit. Alright, come on. We'll find a bridge. [the bikers ride off] Scene Description : The woods, later. The boys walk through it. Narrator : The quest continued to return The Lord of the Rings to the video store. Stan : Man, we should have never crossed that stupid river. Kyle : Yeah."
Which Star Wars movie is parodied in South Park?,"“The Phantom Menace” (Season 3, Episode 8).","
data/scripts/200.md place of an annoyed Mickey Mouse.] Sally Struthers : South Park, Colorado, is the most racist, insensitive, and bigoted place in this country! [George Lucas holding onto a ball-gagged Indiana Jones] George Lucas : That town thinks they can say whatever they want about people and get away with it!
data/scripts/Starvin'_Marvin_in_Space.md Scene Description : Starvin' Marvin in Space

Scene Description : In Star Wars fashion, the camera moves from space down and right to a sunny day in South Park. The camera settles on South Park Elementary as the bell rings. Class is now in session
data/scripts/Chef's_Chocolate_Salty_Balls.md : The audience buzzes and cameras flash everywhere, Kyle shields his eyes. Kyle : Aaahh! Director 4 : Ohuh no, wait, that's not him. Scene Description : The audience groans. Kyle : Ladies and gentlemen, my best friend, Mr. Hankey, is getting sick because South Park has become overcrowded with
data/scripts/Chef's_Chocolate_Salty_Balls.md Robert Redford : I give you, ""Hollywood in South Park!""

Scene Description : He laughs sinisterly. The crowd gasps at the size of the thing.

Kyle : Wait!

Scene Description : The crowd turns to see who it is.

Kyle : I brought him! I brought him to show you!
data/scripts/Chef's_Chocolate_Salty_Balls.md Director 4 : Ohuh no, wait, that's not him.

Scene Description : The audience groans.

Kyle : Ladies and gentlemen, my best friend, Mr. Hankey, is getting sick because South Park has become overcrowded with people who eat health food.
data/scripts/Chef's_Chocolate_Salty_Balls.md palm tress line the restaurant front. Robert Redford : I give you, ""Hollywood in South Park!"" Scene Description : He laughs sinisterly. The crowd gasps at the size of the thing. Kyle : Wait! Scene Description : The crowd turns to see who it is. Kyle : I brought him! I brought him to show you! Scene
data/scripts/Red_Man's_Greed.md Scene Description : South Park, next day. The deadline has arrived.
data/scripts/The_Wacky_Molestation_Adventure.md Scene Description : Downtown South Park. The sky is a deep blue and the streets are clear of snow. Token, Butters and Kenny stand behind Filmore and his friend. Cartman, Stan, Kyle, Ike, and Clyde

Stan : What's going on?
data/scripts/200.md Sally Struthers : South Park, Colorado, is the most racist, insensitive, and bigoted place in this country! [George Lucas holding onto a ball-gagged Indiana Jones]

George Lucas : That town thinks they can say whatever they want about people and get away with it!
data/scripts/Woodland_Critter_Christmas.md Scene Description : A panoramic view of South Park, day. Holiday music is heard in the background, and the scenes are played out as the narrator mentions them."
Which superhero does Cartman impersonate in an episode?,The Human Torch from Fantastic Four.,"
data/scripts/The_Coon.md Cartman : [voice over. He's seated alone on a merry-go-round] Which one of them is it? Somebody is dressing up and pretending to be a superhero! But who? Has to be one of the guys in my class, 'cause only they knew that the Coon would be on the rooftop of Walgreens. [shuts his eyes] No, stop. Can't
data/scripts/The_Coon.md Cartman : You gotta be kidding me!

Reporter : As hundreds of people gather to try and get a glimpse of the superhero, one question remains: Who is Mysterion? [everyone around him begins to ask the same question]
data/scripts/The_Coon.md replies] Motherfucker! Scene Description : South Park Elementary playground, day. The camera looks at various kids at play. Cartman : [voice over. He's seated alone on a merry-go-round] Which one of them is it? Somebody is dressing up and pretending to be a superhero! But who? Has to be one of the
data/scripts/The_Coon.md has already generated thousands of copies. Cartman : You gotta be kidding me! Reporter : As hundreds of people gather to try and get a glimpse of the superhero, one question remains: Who is Mysterion? [everyone around him begins to ask the same question] Anchor : If you have any idea about the true
data/scripts/Dead_Kids.md Cartman : What do you mean?
data/scripts/Franchise_Prequel.md Wilson : AAAAH! [shuts the door on Cartman, who's taken aback. Cartman turns around and leaves the house, and the other Coon Friends follow]

Cartman : God dammit! Let's just face it! We're never gonna have a superhero franchise!

Kyle : It's so unfair.
data/scripts/The_Return_of_the_Fellowship_of_the_Ring_to_the_Two_Towers.md Cartman! Cartman : Jews can't be Paladins. Scene Description : Marsh residence; bedroom. Randy waxes his eyebrows with saliva getting ready for a night of porno. Sharon appears in a ruby lingerie, leans suggestively against the doorway of the master bathroom and runs her finger along the bedroom
data/scripts/Franchise_Prequel.md Cartman : When we all became superheroes, we took an oath. that no matter what it took, we would all make shitloads of money. But thanks to Mark Zuckerberg, right now, we are a superhero group that can't even get a show on Netflix.
data/scripts/A_Nightmare_on_Face_Time.md Cartman : Yeah, he looks totally fine, except that when we walk up to a house, people are gonna be like, ""Oh wow, it's the Avengers, and some Captain FaceTime skateboard guy!"" [they head for a house to their left. Kenny rings the bell. A man opens the door holding a bowl of candy.]
data/scripts/Franchise_Prequel.md you need to have your own fucking brain and decide shit for yourself! Wilson : AAAAH! [shuts the door on Cartman, who's taken aback. Cartman turns around and leaves the house, and the other Coon Friends follow] Cartman : God dammit! Let's just face it! We're never gonna have a superhero franchise!"
What famous reality show is parodied in South Park’s “The Biggest Douche in the Universe” episode?,The Bachelor.,"
data/scripts/My_Future_Self_n'_Me.md Scene Description : South Park, commercial district. Stan and Butters run down the street and turn the corner into an alley. Stan checks the address.

Stan : I guess this is it.
data/scripts/Cartoon_Wars_Part_I.md Guy doesn't care who they insult! They only care about their... precious money! Stan : Oh come on, people. You really think anybody's gonna be that pissed off about a cartoon?? Mr. Mackey : Wu-we've got the TV working! [the picture comes into focus] Scene Description : South Park News 4, Anchor Tom
data/scripts/South_ParQ_Vaccination_Special.md Scott : We'll see who's stupid! [runs towards Stan, punching him in the face] Scene Description : The boys fight with the Lil' Qties, shouting at each other. Butters runs around waving an American flag. The scene cuts away to a breaking news broadcast. Chris : Tom, I'm standing outside South Park
data/scripts/It_Hits_the_Fan.md Scene Description : South Park, bar, night. The men are gathered there once again

Announcer : Get ready for ""Must Shit TV""! Starting now, four straight hours of pure shit! It's all live!
data/scripts/You_Got_F'd_in_the_A.md then the SP side. The Blacks, Jimbo, Ned, Skeeter, and Mr. Garrison are in that audience. The South Park crew is then shown with Chef MC : Ladies and Gentlemen, Scene Description : The Marshes are shown, Randy with his portable oxygen tank and wheelchair. MC : man, you are all in for a treat!
data/scripts/My_Future_Self_n'_Me.md And then we can make our wieners bigger, and have the lady massage them. Scene Description : South Park, commercial district. Stan and Butters run down the street and turn the corner into an alley. Stan checks the address. Stan : I guess this is it. Scene Description : Parental Revenge Center of
data/scripts/Cartoon_Wars_Part_I.md Stan : Oh come on, people. You really think anybody's gonna be that pissed off about a cartoon??

Mr. Mackey : Wu-we've got the TV working! [the picture comes into focus]

Scene Description : South Park News 4, Anchor Tom reporting
data/scripts/A_Very_Crappy_Christmas.md South Park, but at least our faith in each other remains strong. Assistant : [whispers into the anchor's ear] In South Park. News Anchor : Oh really? Scene Description : South Park, Cartman's house, day. The report is over Stan : Dude, change the channel. This is too depressing. [Cartman clicks the
data/scripts/Smug_Alert!.md the news station! Our situation just got a lot worse! Scene Description : South Park News station, later. Stan looks over Keenan's shoulder as McFriendly, Cartman and Butters look on Keenan : I noticed it on the computer this morning. Look here. [a satellite map is shown, with a closeup window over
data/scripts/Margaritaville.md Stan : Yeah, I think I get it.

Scene Description : The South Park Mall, day. Anyone who has something to say about the economy is preaching to the crowd gathered there."
What character does Butters impersonate in the “Butters’ Bottom Bitch” episode?,A pimp.,"
data/scripts/Butters'_Very_Own_Episode.md it's Butters! Scene Description : 'It's ""The Butters Show""' appears over a wallpaper design of Butters' head. This is the show's splash screen Butters : [pops out through an exploding hole and points to himself with his thumb] That's me. Scene Description : Next scenes: Butters in Mr. Mackey's
data/scripts/Butters'_Very_Own_Episode.md Description : ""The Butters Show"" splash screen Choir : Everyone knows it's Butters! Butters : [pops out through an exploding hole and points to himself with his thumb] That's me! Scene Description : Butters' house, night, living room. His mom has returned home and is now writing a note. A noose
data/scripts/Butters'_Very_Own_Episode.md Butters : [writes down] ""White Swallow Bath House""

Scene Description : ""The Butters Show"" splash screen

Choir : Everyone know it's Butters!

Butters : [pops out through an exploding hole and points to himself with his thumb] Uh, that's me!
data/scripts/Butters'_Very_Own_Episode.md Scene Description : ""The Butters Show"" splash screen

Choir : Everyone knows it's Butters!

Butters : [pops out through an exploding hole and points to himself with his thumb] That's me!
data/scripts/Butters'_Very_Own_Episode.md Scene Description : ""The Butters Show"" splash screen

Choir : Everyone knows it's Butters!

Butters : [pops out through an exploding hole and points to himself with his thumb] That's me!
data/scripts/Butters'_Very_Own_Episode.md Scene Description : ""The Butters Show"" splash screen

Choir : Everyone knows it's Butters!

Butters : [pops out through an exploding hole and points to himself with his thumb] That's me!
data/scripts/City_Sushi.md Linda : What?

Dr. Janus : There are several distinct personalities going on in there. One is named ""Postman Butters"" and yet another is ""Fireman Butters."" And then there's even ""Inspector Butters"" and uh, ""Professor Chaos"".

Linda : Oh my God!
data/scripts/City_Sushi.md Butters : I'm trying, sir! [this changes Dr. Janus' behavior]

Dr. Janus : Butters? Butters, what are you doing? What is that? A blowtorch? Put that down! You're having another episode!

Butters : What?

Dr. Janus : Butters. Your name is Butters! Try and remember!
data/scripts/Butters'_Very_Own_Episode.md Scene Description : ""The Butters Show"" splash screen

Choir : Everyone knows it's Butters!

Butters : [pops out through an exploding hole and points to himself with his thumb] That's me!

Scene Description : Butters' house, night. Butters' dad is in his study.
data/scripts/Butters'_Very_Own_Episode.md Scene Description : ""The Butters Show"" splash screen

Choir : ...Butters!

Butters : [pops out through an exploding hole and points to himself with his thumb] That's me!"
What popular TV show is parodied in “South Park: The Stick of Truth” video game?,Game of Thrones.,"
data/scripts/PC_Principal_Final_Justice.md Scene Description : The South Park Gun Show. The show's sign and trophy are shown onscreen.
data/scripts/The_Mexican_Staring_Frog_of_Southern_Sri_Lanka.md a magazine.] Great news, guys. Your TV show ratings have doubled! Jimbo : Wow! Cameraman : They've gone from six people to twelve. Jimbo : Holy smokes! We could get an Emmy! Scene Description : South Park Public Access. The set of Jesus and Pals. Producer : We've got to do it, J. Your ratings are
data/scripts/The_Tooth_Fairy_Tats_2000.md The South Park boys : Wow!
data/scripts/A_Very_Crappy_Christmas.md South Park, but at least our faith in each other remains strong. Assistant : [whispers into the anchor's ear] In South Park. News Anchor : Oh really? Scene Description : South Park, Cartman's house, day. The report is over Stan : Dude, change the channel. This is too depressing. [Cartman clicks the
data/scripts/You_Got_F'd_in_the_A.md then the SP side. The Blacks, Jimbo, Ned, Skeeter, and Mr. Garrison are in that audience. The South Park crew is then shown with Chef MC : Ladies and Gentlemen, Scene Description : The Marshes are shown, Randy with his portable oxygen tank and wheelchair. MC : man, you are all in for a treat!
data/scripts/It_Hits_the_Fan.md Scene Description : South Park, bar, night. The men are gathered there once again

Announcer : Get ready for ""Must Shit TV""! Starting now, four straight hours of pure shit! It's all live!
data/scripts/Weight_Gain_4000.md Park? Mr. Garrison : And the presentation will be on national television. Stan, Kyle : Television! Mr. Garrison : [Thinking to himself.] Kathie Lee Gifford. I don't believe it. Scene Description : City Hall. Mayor's Office. Mayor McDaniels : Kathie Lee Gifford in South Park! Oh my God! This is our
data/scripts/The_Mexican_Staring_Frog_of_Southern_Sri_Lanka.md Cameraman : They've gone from six people to twelve.

Jimbo : Holy smokes! We could get an Emmy!

Scene Description : South Park Public Access. The set of Jesus and Pals.

Producer : We've got to do it, J. Your ratings are being killed by the Jimbo and Ned Hunting Show.
data/scripts/The_Mexican_Staring_Frog_of_Southern_Sri_Lanka.md Scene Description : A television is on, and a new show seems to be on the air.

Announcer : And now back to Huntin' and Killin' with South Park's favorite hunters, Jimbo and Ned!
data/scripts/Do_the_Handicapped_Go_to_Hell?.md Scene Description : South Park, the church, day. Sunday school is in session, apparently at the church basement. A nun and eleven children sit around a table. Clockwise: the nun, a blonde girl, Clyde, Butters, Token, Kenny, Stan, Cartman, Pip, Bebe, Tweek, and a blond boy. A Twister game in on one"
Which Transformers character appears in an episode of South Park?,Optimus Prime.,"
data/scripts/Splatty_Tomato.md right onto Randy's face.] Aw! Scene Description : Ike plays a high pitched horn as he arrives back in South Park. Everyone comes out of the Community Center. He has Garrison tied up behind and gagged. Officer Bright : It's the President! [People begin to cheer] Sheila : Ike! Kyle! Sharon : Stan,
data/scripts/Smug_Alert!.md Scene Description : South Park News station, later. Stan looks over Keenan's shoulder as McFriendly, Cartman and Butters look on
data/scripts/Splatty_Tomato.md Scene Description : Ike plays a high pitched horn as he arrives back in South Park. Everyone comes out of the Community Center. He has Garrison tied up behind and gagged.

Officer Bright : It's the President! [People begin to cheer]

Sheila : Ike! Kyle!

Sharon : Stan, you're okay!
data/scripts/Fat_Camp.md It was a lady in a costume! Cartman : [miffed] Would somebody put this retard out of his misery?! Scene Description : South Park Elementary, day, playground. Stan and Pip stand by Kenny, who's groaning in pain and holding his stomach. Kyle : [walks up with Butters] What's the matter? Stan : Kenny's
data/scripts/The_End_of_Serialization_as_We_Know_It.md Kyle (voiceover) : A massive electrical pulse completely erased the internet.

Scene Description : South Park: Residential area. Broflovski residence. A taxi pulls up to the curb with Gerald inside.

Kyle (voiceover) : We've been given a second chance.
data/scripts/South_Park_is_Gay!.md Scene Description : South Park, school bus stop, morning. Stan, Cartman and Kenny wait for the bus. Stan is dressed in fishnet tank top, artsy pants, and a new, furry cap with the same colors as his old one. Cartman is dressed in a Madonna fashion shirt and artsy pants. His hair is tussled and
data/scripts/South_Park_is_Gay!.md Scene Description : South Park, school bus stop, morning. Stan, Cartman and Kenny wait for the bus. Stan is dressed in fishnet tank top, artsy pants, and a new, furry cap with the same colors as his old one. Cartman is dressed in a Madonna fashion shirt and artsy pants. His hair is tussled and
data/scripts/Chef's_Chocolate_Salty_Balls.md Director 4 : Ohuh no, wait, that's not him.

Scene Description : The audience groans.

Kyle : Ladies and gentlemen, my best friend, Mr. Hankey, is getting sick because South Park has become overcrowded with people who eat health food.
data/scripts/Chef's_Chocolate_Salty_Balls.md : The audience buzzes and cameras flash everywhere, Kyle shields his eyes. Kyle : Aaahh! Director 4 : Ohuh no, wait, that's not him. Scene Description : The audience groans. Kyle : Ladies and gentlemen, my best friend, Mr. Hankey, is getting sick because South Park has become overcrowded with
data/scripts/Terrance_and_Phillip:_Behind_the_Blow.md Stan : Come on, Kenny, hurry up!

Scene Description : South Park stage. Behind The Blow continues. A shot of Mr. Garrison and Phillip"
Which ’80s show does Cartman parody in an episode?,Knight Rider.,"
data/scripts/Fat_Camp.md Cartman. Stan : Did you like the old one? Kyle : Good point. Scene Description : Jesus and Pals Announcer : And now back to Jesus and Pals, on South Park Public Access. Jesus : [with the new Cartman] Back to our courageous story of a little boy's triumph over obesity. Eric, yea. You found that the
data/scripts/Helen_Keller!_The_Musical.md Cartman : [exults] They loved it! They LOVED it!

Timmy : Gobbles!

Scene Description : The South Park Community Theatre, stage, night. Mr. Garrison is onstage to introduce the last skit of the night
data/scripts/Chinpokomon.md Cartman : Oh, god damnit! [walks in and runs into Stan]

Stan : Hey, fatass.

Cartman : Hey, dickhole. I guess you saw the commercial, too.

Stan : Yep. I got Roostor, Lambtron, and Shoe.
data/scripts/Go_Fund_Yourself.md than having a catchy name. Stan : ...Nnnno, there isn't. [turns back to his computer and fleshes out the project] Scene Description : The neighborhood, day. Cartman runs down the sidewalk Cartman : You guys! You guys, it's awesome! Holy shit you guys! [runs up to Stan's door and enters the house.
data/scripts/Cartman_Sucks.md Cartman : [off screen] You guys! I got it! [runs in and joins them] It seriously! It's the greatest picture ever! Oh my God!

Stan : What'cha do to Butters this time?
data/scripts/The_New_Terrance_and_Phillip_Movie_Trailer.md Cartman's house] Scene Description : The neighborhood. The boys rush back to Stan's house. Stan : Hurry! The commercials will be on any minute! Butters : Aw! Oh man! Uh, uh uh uh... Cartman : [trailing the other three] Oh my god, eugh! Oh God! Oh, Jesus help me! [stops] Oh! I lost a doughnut!
data/scripts/Prehistoric_Ice_Man.md Scene Description : The boys appear on the sidewalk.

Stan : He doesn't look very happy in there.

Kyle : No, he sure doesn't.

Stan : I wasn't talking to you, buttpipe! I was talking to Cartman!

Kyle : Well, I was talking to Cartman, too!
data/scripts/Go_Fund_Yourself.md Scene Description : The neighborhood, day. Cartman runs down the sidewalk

Cartman : You guys! You guys, it's awesome! Holy shit you guys! [runs up to Stan's door and enters the house. He runs into Stan's room] You guys, I've got it!

Stan : What?
data/scripts/Chef's_Chocolate_Salty_Balls.md Cartman : It had a bunch of gay cowboys eating pudding, huh?

Stan : Yeah, pretty much.

Cartman : Yeah!

Stan : The theater sucks, though. They need to get a bigger screen.

Kyle : Maybe they should project the movies on Cartman's ass.

Scene Description : Stan and Kenny laugh.

Cartman : Ay!
data/scripts/Summer_Sucks.md : The kind that fit in Cartman's cat's ass. Cartman : Okay, that's it! Scene Description : Kenny laughs. Cartman : Screw you guys! I'm going home. Scene Description : Cartman walks off. Kyle : What a baby. Stan : So, we'll have ten M-80s, please. Stu : I'm sorry, fellas. Haven't you heard? Stan :"
Which pop star does the character of Stan Marsh parody?,Justin Bieber.,"
data/scripts/Bass_to_Mouth.md Stan : What?

Craig : ""In an email sent yesterday to KENNY McCormick, Stan Marsh wrote 'Dude, you should have been in PE today. Elise Thompson's butt crack was totally showing.' He went on to call her butt crack quote 'nice' and that the whole experience was quote 'pretty awesome'.""
data/scripts/Smug_Alert!.md Stan : What is that?

Keenan : It's the smug from George Clooney's acceptance speech at the Academy Awards.

Stan : George Clooney's acceptance speech?
data/scripts/Bass_to_Mouth.md Kyle : It wouldn't be funny if that Web site posted something about you!

Stan : I wouldn't care.

Craig : Exclusive: Stan Marsh thinks Elise Thompson has a hot butt crack.

Stan : What?
data/scripts/ManBearPig.md Stan : Who?
data/scripts/Bloody_Mary.md Stan's dad and say, ""Is that who I want to be in thirty years? Getting tickets and having to go to elementary school classrooms and talk about how pathetic I am?"" Thank you Mr. Marsh, I think you made your point. [Randy turns away and walks out of the class]
data/scripts/You_Got_F'd_in_the_A.md Stan : Dude, he's incredible.
data/scripts/Holiday_Special.md for images of Randy Marsh. Mr. Galtman : I most certainly will not! Masked voice : Randy Marsh is a hypocrite and a fake. You will be taken down with him when he is exposed! [a shot of the boys' restroom at school. Kenny is the one who's masking his voice as Stan, Kyle, and Cartman look on] Kyle :
data/scripts/A_Scause_For_Applause.md a slap in the face to everyone! Charlie Rose : What do you say about that, Stan? Stan : ...I don't know. [checks his wristband again] I like it. Charlie Rose : All right, well we searched high and low to find my next guest who actually agrees with Stan Marsh, and thinks he's doing the right thing.
data/scripts/Stanley's_Cup.md and closes the door. Behind the door is the judge, waiting. He has his record player with him. He starts playing it...] Judge : Stan Marsh has always lived a carefree life. But in the blink of an eye, what seemed important before can all be put in perspective. Stan Marsh is... ""Bummin' on Cancer.""
data/scripts/Asspen.md Heather : You aren't mad, are you, Stan? I mean, a girl's gotta look out for her best interests.

Stan : [just looks at them] ...who are you people?!

Tad : Still don't wanna race me? I told you he was chicken, Heather. Stan Marsh the Darsh! [laughs disdainfully]"
What is the title of the South Park movie released in 1999?,"South Park: Bigger, Longer & Uncut.","
data/scripts/Red_Man's_Greed.md Scene Description : South Park, next day. The deadline has arrived.
data/scripts/Helen_Keller!_The_Musical.md Scene Description : South Park, Timmy's house. Timmy is in bed asleep. Soon, Gobbles hops up on the bed and drops his head on the covers. He slowly inches up to Timmy's face, looking at Timmy all the while, and settles in next to him. Gobbles soon falls asleep. Timmy's left hand comes to rest on
data/scripts/Night_of_the_Living_Homeless.md Scene Description : South Park, morning. Kyle climbs onto his toy box and looks out the window again. More homeless people have arrived and are camped out in front of the house.

Kyle : Oh crap. [the doorbell rings and Kyle comes down to answer it. Stan, Kenny, and Cartman enter]
data/scripts/Chickenlover.md gets the note. Anchor : This just in! South Park is plunged into total anarchy! Scene Description : A camera pans across the rioting. Anchor : Exactly two seconds after the retirement of Officer Barbrady, looting and pillaging erupted in the quiet mountain town! Scene Description : A man comes and
data/scripts/The_Return_of_Chef.md Scene Description : ""Previously on South Park"" Daytime. Kyle, Cartman, and Kenny are playing with their toy trucks and cars under a tree in the neighborhood park. The basketball court, slide, and grass are cleared of snow. Stan runs up to them'
data/scripts/Chef's_Chocolate_Salty_Balls.md : The audience buzzes and cameras flash everywhere, Kyle shields his eyes. Kyle : Aaahh! Director 4 : Ohuh no, wait, that's not him. Scene Description : The audience groans. Kyle : Ladies and gentlemen, my best friend, Mr. Hankey, is getting sick because South Park has become overcrowded with
data/scripts/The_Problem_with_a_Poo.md Scene Description : Downtown South Park. Kyle walks down the street battered from the beatdown Mr. Hankey gave him

Girl : Mommy, something stinks. [they stop to look at Kyle]

Mother : Yeah, like shit. [takes her daughter's hand and moves on. A shopkeeper shuts his door as Kyle walks by]
data/scripts/Cartoon_Wars_Part_I.md Scene Description : South Park, next day. The sand has been brought in and is now being spread out, Mr and Mrs Tucker walk by with their son Craig; Mr Tucker holds a shovel
data/scripts/The_Wacky_Molestation_Adventure.md Scene Description : Downtown South Park. The sky is a deep blue and the streets are clear of snow. Token, Butters and Kenny stand behind Filmore and his friend. Cartman, Stan, Kyle, Ike, and Clyde

Stan : What's going on?
data/scripts/Asspen.md tony stores. The scene freezes, and the new title comes up: ""South Park in Aspen"", then the scene continues. The adults are in happy awe as a woman walks by with her two poodles in front of a jewelry store. The next shot is of the four boys looking out marveling at the sights. They pass a man"
Who does Saddam Hussein have a relationship with in the South Park movie?,Satan.,"
data/scripts/Chef's_Chocolate_Salty_Balls.md Director 4 : Ohuh no, wait, that's not him.

Scene Description : The audience groans.

Kyle : Ladies and gentlemen, my best friend, Mr. Hankey, is getting sick because South Park has become overcrowded with people who eat health food.
data/scripts/200.md aides sitting on chairs beside him. Randy : Okay, people, I know, I know. But he will get the other celebrities to withdraw their lawsuit if we just... get Muhammad to appear in South Park. Mr. Garrison : Are you nuts? If Muhammad appears in South Park, we get bombed! [audience shouts in agreement]
data/scripts/Chef_Goes_Nanners.md Scene Description : South Park, the offices of Brovlofski and Jackson, Attorneys At Law. Kyle and Stan have assembled their team there. Kenny, Craig and Tweek are there with two others.
data/scripts/The_Wacky_Molestation_Adventure.md other two follow, leaving Ike alone on the sofa.] Scene Description : Downtown South Park. The sky is a deep blue and the streets are clear of snow. Token, Butters and Kenny stand behind Filmore and his friend. Cartman, Stan, Kyle, Ike, and Clyde Stan : What's going on? Cartman : Notice anything?
data/scripts/Chef_Goes_Nanners.md Wendih. Seriouslih. [she chuckles] The Bog Monster speaketh. Scene Description : South Park, the offices of Brovlofski and Jackson, Attorneys At Law. Kyle and Stan have assembled their team there. Kenny, Craig and Tweek are there with two others. Kyle : Okay. since my dad's a lawyer, he says we can
data/scripts/200.md Randy : Okay, people, I know, I know. But he will get the other celebrities to withdraw their lawsuit if we just... get Muhammad to appear in South Park.

Mr. Garrison : Are you nuts? If Muhammad appears in South Park, we get bombed! [audience shouts in agreement]
data/scripts/The_Wacky_Molestation_Adventure.md Scene Description : Downtown South Park. The sky is a deep blue and the streets are clear of snow. Token, Butters and Kenny stand behind Filmore and his friend. Cartman, Stan, Kyle, Ike, and Clyde

Stan : What's going on?
data/scripts/The_End_of_Serialization_as_We_Know_It.md and Richard Alder, are stepping outside, looking around, talking to each other, shaking hands and giving each other hugs. Kyle (voiceover) : A massive electrical pulse completely erased the internet. Scene Description : South Park: Residential area. Broflovski residence. A taxi pulls up to the curb
data/scripts/The_City_Part_of_Town.md in bed. He's crying quietly] ""I live in South Park and my IQ's so low I've got's ta dig for it. Hey, did someone say 'rape?' That's the word for 'clever' here in South Park"" [the camera is back on Randy and Sharon]
data/scripts/Fun_with_Veal.md shows his right middle finger to the camera. Next, the boys' parents are shown] Randy : We gave those kids everything, and they turned into little... John Walkers! Field reporter : The police chief of South Park says that there will be no negotiations with terrorists. Butters : Oh no. Eh this is"
"In the South Park movie, who sings the song “Blame Canada”?",The boys and the town.,"
data/scripts/Mexican_Joker.md Scene Description : The South Park theme song is replaced by one for the new series, Tegridy Farms, starring Randy Marsh: Goin' down to Tegridy Farms, gonna have myself a time. Friendly faces everywhere, humble folks without temptation, Goin' down to Tegridy Farms, gonna leave my woes behind.
data/scripts/Mexican_Joker.md Scene Description : The South Park theme song is replaced by one for the new series, Tegridy Farms, starring Randy Marsh: Goin' down to Tegridy Farms, gonna have myself a time. Friendly faces everywhere, humble folks without temptation, Goin' down to Tegridy Farms, gonna leave my woes behind.
data/scripts/Titties_and_Dragons.md Scene Description : Previously on South Park. Some clips of the previous episodes are shown as a summary. A clip featuring the Canadian Minister of Health is included just for kicks. The intro follows, with the Wiener song from last episode playing. Then follows the Princess Kenny Japanese
data/scripts/Titties_and_Dragons.md Scene Description : Previously on South Park. Some clips of the previous episodes are shown as a summary. A clip featuring the Canadian Minister of Health is included just for kicks. The intro follows, with the Wiener song from last episode playing. Then follows the Princess Kenny Japanese
data/scripts/Scott_Tenorman_Must_Die.md Scene Description : Morning in South Park. Cartman is riding his Big Wheels down the road, singing to himself. He soon reaches the bus stop. Stan, Kyle, and Kenny are standing there
data/scripts/Cow_Days.md Scene Description : The theme music plays before they cut to commercial.

Mary : Ah shit!

Scene Description : South Park rodeo. A rider falls from his horse as it jumps some barrels, nearby on the carnival stage, Mayor McDaniels and her aides are standing.
data/scripts/Fourth_Grade.md Scene Description : South Park, a street. A SWAT truck full of rescuers passes Timmy and the brunette and slows down to wheelchair speed. Kenny is with them

Hansen : It's alright, everything's goin' tuh be fine.

Brunette : Oh my God!
data/scripts/The_Wacky_Molestation_Adventure.md Scene Description : Downtown South Park. The sky is a deep blue and the streets are clear of snow. Token, Butters and Kenny stand behind Filmore and his friend. Cartman, Stan, Kyle, Ike, and Clyde

Stan : What's going on?
data/scripts/Canada_on_Strike.md Scene Description : A snowy night in South Park, a shot of Kyle's room through his window. Kyle heads to the front end of his room to look out the window. Out on the sidewalk stands Ike with his own strike sign: ""HONK if you support CANADA"" Cars pass by without stopping. Kyle suffers for him. A car
data/scripts/The_City_Part_of_Town.md Scene Description : South Park, day. Kenny walks down a sidewalk and notices a sign asking for help - child help. He takes it from the window and enter City Wok with it"
Which character dies at the beginning of the South Park movie?,Kenny McCormick.,"
data/scripts/Chef's_Chocolate_Salty_Balls.md Director 4 : Ohuh no, wait, that's not him.

Scene Description : The audience groans.

Kyle : Ladies and gentlemen, my best friend, Mr. Hankey, is getting sick because South Park has become overcrowded with people who eat health food.
data/scripts/Death.md : Ahhh! Scene Description : South Park Main Street. Death turns and touches Kenny, and Kenny falls over, dead. Kyle : Oh my God, they killed Kenny. You Bastard!!! Stan : Wow, I guess Death was just coming after Kenny the whole time. Grandpa : Hey, you were supposed to kill me! Death : Mrrr. Grandpa
data/scripts/The_Wacky_Molestation_Adventure.md Scene Description : Downtown South Park. The sky is a deep blue and the streets are clear of snow. Token, Butters and Kenny stand behind Filmore and his friend. Cartman, Stan, Kyle, Ike, and Clyde

Stan : What's going on?
data/scripts/A_Very_Crappy_Christmas.md okay. We'll just have his character die in the film. [they resume singing and walk away] Scene Description : Stan's house, living room, day. Stan and Kyle are there. A large box has come for Stan and he's about to open it Stan, Kyle : nan Scene Description : South Park Drive-In, night. The drive-in
data/scripts/Chef's_Chocolate_Salty_Balls.md : The audience buzzes and cameras flash everywhere, Kyle shields his eyes. Kyle : Aaahh! Director 4 : Ohuh no, wait, that's not him. Scene Description : The audience groans. Kyle : Ladies and gentlemen, my best friend, Mr. Hankey, is getting sick because South Park has become overcrowded with
data/scripts/Something_Wall-Mart_This_Way_Comes.md Scene Description : South Park, day. A lovely tree appears and the camera pans down to street level. Stan and friends are on the sidewalk across the street moving along.

Cartman : You guys know what? Um, the last thing you do when you die, is crap your pants.

Stan : ...What?
data/scripts/The_Wacky_Molestation_Adventure.md other two follow, leaving Ike alone on the sofa.] Scene Description : Downtown South Park. The sky is a deep blue and the streets are clear of snow. Token, Butters and Kenny stand behind Filmore and his friend. Cartman, Stan, Kyle, Ike, and Clyde Stan : What's going on? Cartman : Notice anything?
data/scripts/Night_of_the_Living_Homeless.md Back inside, he's still alive. The bullet to the brain didn't kill him. This time he shoots at his heart twice, and that finally kills him. He writhes around for a few seconds and dies.] Scene Description : The South Park Community Center. There are so many homeless people now that it looks like a
data/scripts/Something_Wall-Mart_This_Way_Comes.md Scene Description : South Park, day. A lovely tree appears and the camera pans down to street level. Stan and friends are on the sidewalk across the street moving along. Cartman : You guys know what? Um, the last thing you do when you die, is crap your pants. Stan : ...What? Cartman : Yeah, when you
data/scripts/Death.md Scene Description : Kenny pushes Cartman out the window and follows.

Death : Mrrrr!

Scene Description : South Park Main Street.

Kids : Aaaah! Aaaah! Aaaah!

Scene Description : Death is following the kids on a tricycle. Grandpa tries to keep up on his electric wheelchair."
What country does the South Park movie’s plot revolve around?,Canada.,"
data/scripts/The_Wacky_Molestation_Adventure.md Scene Description : Downtown South Park. The sky is a deep blue and the streets are clear of snow. Token, Butters and Kenny stand behind Filmore and his friend. Cartman, Stan, Kyle, Ike, and Clyde

Stan : What's going on?
data/scripts/Margaritaville.md Scene Description : South Park, sometime later. Everyone is wearing blankets instead of clothes, in the forms of togas and cloaks. People have begun to ride llamas, carry stuff in wooden boxes, and leave bales of hay around for the llamas and oxen. Businesses all along the street have shuttered
data/scripts/The_Snuke.md Scene Description : South Park, at Long Road Shipping, the apparent hideout. Everyone stands in the street.

Mr. Thompson : [walking into view] Well, looks like we saved our country from British rule once again.
data/scripts/Pip.md Scene Description : The South Park Classics study. The British Person resumes narrating
data/scripts/Chickenlover.md gets the note. Anchor : This just in! South Park is plunged into total anarchy! Scene Description : A camera pans across the rioting. Anchor : Exactly two seconds after the retirement of Officer Barbrady, looting and pillaging erupted in the quiet mountain town! Scene Description : A man comes and
data/scripts/Here_Comes_the_Neighborhood.md Scene Description : The rich enclave, later. The men of South Park have succeeded in chasing the rich folks out of town, and they gather in front of a mansion. They take off their sheets

Skeeter : That was it. We just saw the last of them speeding away in a van!

Men : Alright!
data/scripts/I'm_a_Little_Bit_Country.md Scene Description : South Park, town square. The townsfolk are still attacking each other and killing more of their number. One man kills another with a ""PEACE NOW"" sign. A war supporter runs a flag pole through a protester, then pulls it back out again. Stan, Kyle, and Kenny watch from the other
data/scripts/Pip.md Scene Description : The South Park Classics study. The British Person finishes narrating
data/scripts/Margaritaville.md [stretches out his arms as the audience cheers him on.] Scene Description : South Park, sometime later. Everyone is wearing blankets instead of clothes, in the forms of togas and cloaks. People have begun to ride llamas, carry stuff in wooden boxes, and leave bales of hay around for the llamas and
data/scripts/Red_Man's_Greed.md Scene Description : South Park, next day. The deadline has arrived."
What is Cartman’s secret wish in the episode “The Pandemic Special”?,To have his own theme park.,"
data/scripts/Tonsil_Trouble.md isn't funny, [points at Cartman a third time with his eyes closed.] So shut the fuck up!! Cartman : [clears his throat] Well excuse me, Kyle, for trying to keep some optimism, you know? I mean, sometimes when things... seem their darkest you just need to try and stay... HIV-positive, but if you
data/scripts/Cartman_Joins_NAMBLA.md Cartman : Well, look. Those perverts aren't going to rest until they've made love to one of us. Right? So,... somebody's just gonna have to go out there and... take one for the team. [the other boys are shocked at the thought] And I think, in all fairness, it should be Butters. [presents him]
data/scripts/Fatbeard.md Cartman : That we be, lass. It's all paid for on me mudder's credit card.

Butters : [has second thoughts and turns around] Oh jeez. Unh I don't know if I can really go through with this.

Cartman : What?!
data/scripts/Tonsil_Trouble.md Cartman : We're not just sure, we're HIV-positive.

Kyle : [quickly irritated; exploding] Will you stop it with that!?! [angrily points at Cartman] What part of this is funny to you?!!

Cartman : Kyle, we need to try to find a-
data/scripts/Scott_Tenorman_Must_Die.md Cartman : [evilly, to himself] Heheheheheh. He's such a douche, heheheheheh. [turns around and returns to the house. Scott returns]

Scott : Here you go.

Cartman : Oh, wow, thanks a lot, Scott! [Scott withholds the money]

Scott : But... just one thing before I give it to you:

Cartman : What?
data/scripts/Something_You_Can_Do_with_Your_Finger.md Cartman : I just don't know what I'm gonna do. [lets himself in] Sometimes I wonder if God isn't toying with me. [goes to the sofa and pulls out some Cheesy Poofs to eat]

Chef : [sits next to Cartman] Alright, Eric, what's the matter?
data/scripts/Fat_Camp.md to expose the aroma and tempts him] Look at how yummy and sweet he is. [Chad, still sobbing, takes the candy bar and starts eating. Cartman bides his time] ...There you go. That'll just be four dollars. [Chad hands him the money and finishes the candy bar. Cartman just watches] ...There you go.
data/scripts/Pre-School.md Cartman : [now yelling] How the hell are condoms gonna help us?! [the adults in the recovery room look at Cartman] Sorry, heh. Never mind, hehe. [the adults turn their attention back to Butters]
data/scripts/Toilet_Paper.md away, and the other boys huddle around him] You guys, we can't let him do this! Cartman : What are you talking about? This is a gift from God. An early Easter present all wrapped up in a pretty ribbon from Jesus Christ himself! Butters : Well I'm just a little asshole, is what I am. When God made
data/scripts/Asspen.md Cartman : [knowingly] Nothing, Butters. Right, guys?!

Scene Description : The front door.

Phil : Well, we can't wait to show you what Aspen Time-Share is offering investors. Shall we do our thirty-minute meeting?

Randy : Oh, do we have to do it right now?"
What is Kyle’s mother’s name?,Sheila Broflovski.,"
data/scripts/South_ParQ_Vaccination_Special.md Kyle : Dad, please don't-
data/scripts/South_ParQ_Vaccination_Special.md Kyle : What?
data/scripts/A_Song_of_Ass_and_Fire.md Kyle : What?
data/scripts/Ginger_Cow.md Kyle : About what?!
data/scripts/Bass_to_Mouth.md Kyle : What the hell happened?!
data/scripts/Mystery_of_the_Urinal_Deuce.md Kyle : Me??!
data/scripts/Insecurity.md Kyle : Wait a minute, Dad was the UPS man?
data/scripts/Erection_Day.md Kyle : Huh wuh, what's the matter?
data/scripts/The_Entity.md Kyle Two : [the boys are stunned] ...What?

Kyle : Yeah, I've gotta get back to Connecticut.

Sheila : Now that things have changed for Kyle, his mother needs him back.
data/scripts/The_Return_of_Chef.md Kyle : ...Dude!"
Which character does Butters often have a crush on?,Wendy Testaburger.,"
data/scripts/Go_God_Go.md Butters : Yes! Now the world shall feel the wrath of Professor Chaos! Hahaha!

Linda : Butters? [she appears at the sliding door entrance with two policemen behind her] Butters, you haven't seen Eric Cartman in the past few days, have you?

Butters : [a bit afraid, slowly] Who, me?
data/scripts/The_Death_of_Eric_Cartman.md Butters : Eric, ye-you're just an image in my head brought on by a traumatic event.

Cartman : She's gonna close soon! Come on! [pulls Butters out of bed and away]

Butters : Wuh I hate my stupid psychotic brain!
data/scripts/The_Simpsons_Already_Did_It.md shadow. Dougie : Oh, awesome! Butters : Soon, all people will have to live like moles! They will love only to remember with sorrow how great the sun used to be! [laughs with evil glee] Dougie : Cool. It'll be just like on the Simpsons. [Butters stops laughing and freezes in place] Butters : [tilts
data/scripts/Franchise_Prequel.md Butters : You mean like Suicide Squad?

Stan : Yes!

Butters : [in Stan's face] Suicide Squad sucked! [turns around and walks off again]

Kyle : Butters! Butters! You can't just make stuff up about us! [Butters turns around again] People are thinking it's true!
data/scripts/City_Sushi.md Linda : What?

Dr. Janus : There are several distinct personalities going on in there. One is named ""Postman Butters"" and yet another is ""Fireman Butters."" And then there's even ""Inspector Butters"" and uh, ""Professor Chaos"".

Linda : Oh my God!
data/scripts/AWESOM-O.md Butters : I like to dip and daddle with my robot friend.

Scene Description : Butters jumps in a puddle, then has AWESOM-O do the same. Butters giggles.

Butters : He's smart as can be and emotion-free
data/scripts/Casa_Bonita.md Butters : What's this all about, Eric?

Cartman : [leads him to a telescope, then turns] Butters, can you keep a secret?

Butters : Well, sure I can!
data/scripts/The_Return_of_the_Fellowship_of_the_Ring_to_the_Two_Towers.md Stephen : Butters?

Linda : Butters? [they notice the television] Butters!

Butters : [peeks out from behind the sofa, in the shadow, then speaks in a raspy voice] The precious? [his parents turn to see him] Could you bring back my precious?
data/scripts/The_Tale_of_Scrotie_McBoogerballs.md Butters : Just enjoying myself. Why, Eric?

Kyle : Butters, you know goddamned well you didn't write that book!

Butters : But, you told me I did!

Stan : Yeah, but that was when we thought we were gonna get in trouble, asshole! [two girls rush up to Butters' aid]
data/scripts/AWESOM-O.md walks off. Kyle and Kenny follow. Butters : I like to dip and daddle with my robot friend. Scene Description : Butters jumps in a puddle, then has AWESOM-O do the same. Butters giggles. Butters : He's smart as can be and emotion-free Scene Description : Butters washes dishes while AWESOM-O dries"
What’s the name of the school’s lunch lady?,Lunch Lady Doris.,"
data/scripts/Ginger_Cow.md Scene Description : Lunchtime at the South Park Elementary Cafeteria.
data/scripts/Let_Them_Eat_Goo.md Scene Description : Sssssouth Park Elementary, 4th Grade. The students are in their seats, but Mrs. Nelson is seated, hunched over a Tegridy Burger, unable to take another bite but making an effort to. Butters : ...Teacher? [she lifts up a finger and mumbles a bit. The lunch bell rings] Cartman :
data/scripts/The_Tooth_Fairy_Tats_2000.md Scene Description : South Park Elementary, day. Lunchtime in the cafeteria
data/scripts/Let_Them_Eat_Goo.md Butters : ...Teacher? [she lifts up a finger and mumbles a bit. The lunch bell rings]

Cartman : Lunchtime! [nothing was taught this morning]

Scene Description : The school cafeteria, lunch. The students stream in as Mr. Mackey keeps watch

Mr. Mackey : Walk, don't run, m'kay?
data/scripts/Breast_Cancer_Show_Ever.md kids take their seats as Mr. Garrison approaches his desk and puts the books away] Before we get started today, Wendy Testaburger has asked to share something with the class. Wendy? [Clyde, Kyle, and Bradley take their seats and Wendy walks up to the front of the class. She turns to face the class
data/scripts/Dances_with_Smurfs.md Goood morning South Park Elementary. These are the morning announcements. Tryouts for the soccer team are on Friday afternoon. That is of course if our student body president does something about our abysmal soccer field. [The first or second grade class is shown] I have a question. What does Wendy
data/scripts/Dances_with_Smurfs.md afternoon. For lunch the cafeteria will be serving meat loaf or veggie pasta. My guest today is the student body president of South Park Elementary, Wendy Testaburger. Wendy, thank you for coming on the show. Wendy : Sure. Cartman : Wendy, I wanna start by asking a pretty straightforward question,
data/scripts/Let_Them_Eat_Goo.md to. Butters : ...Teacher? [she lifts up a finger and mumbles a bit. The lunch bell rings] Cartman : Lunchtime! [nothing was taught this morning] Scene Description : The school cafeteria, lunch. The students stream in as Mr. Mackey keeps watch Mr. Mackey : Walk, don't run, m'kay? Cartman : Hey
data/scripts/Proper_Condom_Use.md Timmy : Timmehah!

Scene Description : South Park Elementary, day. Principal Victoria has called the teachers together in her office. Chef is there as well.
data/scripts/Proper_Condom_Use.md Scene Description : South Park Elementary, day. Principal Victoria has called the teachers together in her office. Chef is there as well. Principal Victoria : Teachers, I have some bad news. Last night I received a phone call from the local pharmacist. Apparently, almost all of our fourth graders"
What is the name of the TV show Cartman creates in the episode “Cartman’s Mom is a Dirty Slut”?,“The Cartman Show.”,"
data/scripts/Cartman's_Mom_is_Still_a_Dirty_Slut.md Scene Description : A shot of Cartman chowing down on cookies and milk.

Announcer 1 : Who is Eric Cartman's father? At the end of this episode, you will know the answer.

Scene Description : Opening warning and theme song. Much has been added. Then the episode resumes at the laboratory.
data/scripts/Cartman's_Mom_is_Still_a_Dirty_Slut.md Scene Description : A shot of Cartman chowing down on cookies and milk. Announcer 1 : Who is Eric Cartman's father? At the end of this episode, you will know the answer. Scene Description : Opening warning and theme song. Much has been added. Then the episode resumes at the laboratory. Mephesto :
data/scripts/City_on_the_Edge_of_Forever_(Flashbacks).md Cartman : Hey! Do you guys remember the time I found out who my father was?

Stan : Boy, do I!

Scene Description : Cartman's Tale: from Cartman's Mom is Still a Dirty Slut. All the men are gathered at Mephesto's room in Hell's Pass Hospital. The boys and Liane are also there.
data/scripts/Dead_Kids.md Cartman : What do you mean?
data/scripts/City_on_the_Edge_of_Forever_(Flashbacks).md cream. Scene Description : Cartman looks up lovingly at his purported father, and they walk away. Curiously, Liane Cartman is left behind. Cartman : Now, that's what I call a sti- Kyle : Wait a minute. I though your father was your mother 'cause she had a penis. Cartman : What?! Eeyy, you son of a
data/scripts/Death.md Stan : Kyle, don't be such a butt-hole!

Cartman : Yeah, just cause your mom is a stupid bitch doesn't mean the whole world has to suffer.

Kyle : Don't call my mom a bitch, Cartman!

Cartman : Oh, biiitch.

Scene Description : Turns around and hoists his ass up to simulate a woman with a big ass.
data/scripts/The_Tooth_Fairy_Tats_2000.md Scene Description : The Cartman house. Liane is sipping her coffee on the sofa. She lowers it as Cartman screams Cartman : Mom! MOOOM! Mom! [races down the stairs in pajamas, cap, and coat in the right hand and two dollars in the left one, and stops at Liane's feet] Seriously! Something wonderful
data/scripts/Pinkeye.md Scene Description : Kyle looks around the desk.

Kyle : I found it! I found it!

Stan : What?

Scene Description : holding up an issue of Crack Whore magazine, with Liane Cartman on the cover.

Kyle : See Cartman, your mom is on the cover.

Cartman : Eh, shit...

Stan : We told you dude.
data/scripts/Death.md Cartman : Don't talk about my mom like that!

Scene Description : Dragging Cartman away.

Stan : We can go watch Terrance & Phillip in the kitchen.

Grandpa : I ever tell you about the time I boofed your dad, Fatso?

Cartman : Ah, I can't believe that son of a bitch!
data/scripts/Chickenpox.md Cartman : And his momma cried 'Cause if there's one thing that she don't need Is another little hungry mouth to feed In the ghetto In the ghetto

Scene Description : Stuart sits in his armchair.

Stan : Sshh! Cartman!

Cartman : What?"
What is the name of the character who is the leader of the town’s 4-H club and frequently causes trouble?,Wendy Testaburger.,"
data/scripts/Cartman_Joins_NAMBLA.md partners in this fahine city, and I'd like to take a minute to hear some testimonials from members. Stan : This is boring. Kyle : Yeah. [yells] HEY, WHEN ARE WE GONNA GET TO SOME ACTION, HUH? Member 1 : Ho hohohoho Member 2 : Woohoohoohoohoo. [others react similarly, lustily] NAMBLA Leader :
data/scripts/Members_Only.md : [is in complete shock] Scene Description : Outside of unknown club. Two people got out of the club. The berries head to a tiny door. Unknown berries : Oh, 'member when it fell in her drink. Yeah, I 'member. Memberberry 1 : 'Member when Han shot Greedo? Memberberry 2 : Sure, I 'member Greedo.
data/scripts/Cartman_Joins_NAMBLA.md NAMBLA Leader : Now, I know that many of us have already found partners in this fahine city, and I'd like to take a minute to hear some testimonials from members.

Stan : This is boring.

Kyle : Yeah. [yells] HEY, WHEN ARE WE GONNA GET TO SOME ACTION, HUH?

Member 1 : Ho hohohoho
data/scripts/You're_Not_Yelping.md who the real food analyst of the town is. Other Yelpers : That's right. Yeah! Gerald : [confidently humble] Huh. Oh thanks. Cartman : Okay. So, as long as there is one clear leader, then the rest of you can just follow. And with this many people all following [holds up index finger] one captain, we
data/scripts/Members_Only.md PC Principal : [is in complete shock]

Scene Description : Outside of unknown club. Two people got out of the club. The berries head to a tiny door.

Unknown berries : Oh, 'member when it fell in her drink. Yeah, I 'member.

Memberberry 1 : 'Member when Han shot Greedo?
data/scripts/You're_Not_Yelping.md joing us? Gerald : I can't, honey. I'm now the leader of thousands of people. They all hang on my every word. And I'm going to use my power to finally get what this town really needs. [Sheila and Ike just walk away] Scene Description : Shi Tpa Town. The peace and quiet of the morning is disrupted
data/scripts/Members_Only.md I 'member. Memberberry 1 : 'Member when Han shot Greedo? Memberberry 2 : Sure, I 'member Greedo. Tubbs : Ha, I 'member Greedo. Memberberry 3 : 'Member? Memberberry 1 : [knocks at the small door] Guard Berry : [opens small window] What's the password, 'member? Memberberry 3 : Yeah, I 'member.
data/scripts/Members_Only.md Memberberry 1 : 'Member when Han shot Greedo?

Memberberry 2 : Sure, I 'member Greedo.

Tubbs : Ha, I 'member Greedo.

Memberberry 3 : 'Member?

Memberberry 1 : [knocks at the small door]

Guard Berry : [opens small window] What's the password, 'member?

Memberberry 3 : Yeah, I 'member.
data/scripts/Fort_Collins.md 4 : Oh sure, I 'member! Memberberry 2 : 'Member 'member! Scene Description : [a knocking sound is heard from the trunk] Memberry 2 : Oh shit, hang on. [pulls the car over and stops the song] Scene Description : [the berries show left the car and opened the trunk to reveal a hostage berry]
data/scripts/Gnomes.md Aw, man, this sucks! Scene Description : The boys begin to walk with the town committee. Tweek : [fretting] Aaarrrnnn! Scene Description : City Hall. Mr. Garrison is present with the boys and the town committee. Lady Member : ...And we would have never even known that this was happening if not for"
Who is the “broken” character that tends to talk to inanimate objects and has a traumatic past?,Butters Stotch.,"
data/scripts/Death.md Sheila : Here Carol, I think it's your boy.

Sharon : Oh thanks. What is it Stanley-hon, did you break something?

Stan : Mom! Death is here, and and he's trying to take us all away with him!
data/scripts/Let_Go,_Let_Gov.md an and my friends Stan and Kyle, Craig and Token, and and even ol' Eric Cartman. Uh I know he can be a meanie sometimes, but please watch over him too. Goodnight, Government. [smiles, then walks to his bed and goes under the covers, then gasps] Oh yeah. [gets out of bed and goes to his mark] Ah,
data/scripts/The_Passion_of_the_Jew.md here? Talk to me. [resumes hopping like a mad rabbit] Stan : Mel Gibson is fucking crazy dude! [catches a glimpse of a wallet on a table] Wait! There's his wallet! [runs up to it with Kenny] Mel : Freedom! [Stan grabs the wallet and rifles through it] Stan : Awww crap, he's only got twenties! You
data/scripts/Death.md Sharon : Oh thanks. What is it Stanley-hon, did you break something? Stan : Mom! Death is here, and and he's trying to take us all away with him! Sharon : Stanley, honey, you need to leave mommy alone, I'm doing something very, very important for your little well-being there. Stan : Yeah, but, mom!
data/scripts/The_Biggest_Douche_in_the_Universe.md This kid can communicate with the dead! Adults : Wow! Stan : What?! [his deconstruction didn't work. The adults crowd in] Man 2 : Do me next. I wanna talk to my mother. Woman 3 : Can you try to reach my grandfather. Stan : No wait. Construction worker : You have to tell me if my sister's in a good
data/scripts/Stanley's_Cup.md Stan : Jesus Christ. [his parents walk up to him] Sharon : Stanley, where have you been?! It's almost bedtime! Randy : Your mother's been worried sick, and I've been watching TV! Stan : I got a new job. I'm finally gonna be able to pay off all the money I owe. Randy : Oh, well that's good. Sharon :
data/scripts/Stanley's_Cup.md Stan : Jesus Christ. [his parents walk up to him]

Sharon : Stanley, where have you been?! It's almost bedtime!

Randy : Your mother's been worried sick, and I've been watching TV!

Stan : I got a new job. I'm finally gonna be able to pay off all the money I owe.

Randy : Oh, well that's good.
data/scripts/Let_Go,_Let_Gov.md friends Stan and Kyle, Craig and Token, and and even ol' Eric Cartman. Uh I know he can be a meanie sometimes, but please watch over him too. Goodnight, Government. [smiles, then walks to his bed and goes under the covers, then gasps] Oh yeah. [gets out of bed and goes to his mark] Ah, and thank
data/scripts/Death.md Stan : Mom! Death is here, and and he's trying to take us all away with him!

Sharon : Stanley, honey, you need to leave mommy alone, I'm doing something very, very important for your little well-being there.

Stan : Yeah, but, mom!

Sharon : Here honey, talk to your father.
data/scripts/Insheeption.md back, everyone! [grins] Randy : Aw, dammit. [Sharon is just happy Stan is back as they grin at each other] Fire Captain : Thanks, Freddy. Freddy Krueger : If only I could have saved the sheep herder. Dr. Chinstrap : Well, did you find the painful source of your hoarding problems, Mr. Mackey? Mr."
What is the name of Cartman’s favorite toy in early episodes?,Mr. Hat.,"
data/scripts/Mecha-Streisand.md Robert Smith gave me. Scene Description : Cartman reaches over. Cartman : No! That's my walkie-talkie, he gave it to me! Kyle : Dammit Cartman, don't you ever learn anything?! Scene Description : Stan turns left and walks to the door. Cartman : Come on, Stan, it's mine! I'll ro-sham-bo you for it!
data/scripts/Mecha-Streisand.md Scene Description : He tosses the triangles in.

Stan : Well, at least I have this sweet walkie-talkie Robert Smith gave me.

Scene Description : Cartman reaches over.

Cartman : No! That's my walkie-talkie, he gave it to me!

Kyle : Dammit Cartman, don't you ever learn anything?!
data/scripts/Go_Fund_Yourself.md than having a catchy name. Stan : ...Nnnno, there isn't. [turns back to his computer and fleshes out the project] Scene Description : The neighborhood, day. Cartman runs down the sidewalk Cartman : You guys! You guys, it's awesome! Holy shit you guys! [runs up to Stan's door and enters the house.
data/scripts/The_Entity.md Cartman?! Cartman : [snaps into action] Uh, it's nice to meet you, Kyle. I can certainly tell you're a relative of my good friend Kyle here. [at that moment, a large wheel zips by the bus stop, and the kids cover their eyes] Stan : What the hell was that? Scene Description : Neighborhood, day.
data/scripts/Chef's_Chocolate_Salty_Balls.md : The crowd turns to see who it is. Kyle : I brought him! I brought him to show you! Scene Description : Cartman is with Stan and Kyle. Robert Redford : [Put off.] Oh, not this again! Kyle : Behold! Mr. Hankey! Scene Description : Mr. Hankey jumps out of the box. Mr. Hankey : Hoooooowwwdy-ho! Scene
data/scripts/Chef's_Chocolate_Salty_Balls.md Kyle : I brought him! I brought him to show you!

Scene Description : Cartman is with Stan and Kyle.

Robert Redford : [Put off.] Oh, not this again!

Kyle : Behold! Mr. Hankey!

Scene Description : Mr. Hankey jumps out of the box.

Mr. Hankey : Hoooooowwwdy-ho!
data/scripts/Starvin'_Marvin_in_Space.md Cartman : Heeyy, that's Starvin' Marvin.

Stan : Sshh!

Connelly : Who?

Kyle : You dumbass, Cartman! Now they're gonna go squeeze his balls!

Cartman : Oh. We don't know him.
data/scripts/Starvin'_Marvin.md Kid : Mabin.

Stan : I think he said his name is Marvin.

Cartman : Yeah, Starvin' Marvin.

Scene Description : Kyle steps out with Stan and shakes Marvin's hand.

Kyle : Nice to meet you Starvin' Marvin.

Cartman : Hey mooom?

Liane : Yes hon?

Cartman : We found a Etheropian, can we keep him?
data/scripts/Starvin'_Marvin.md Cartman : Yeah, Starvin' Marvin. Scene Description : Kyle steps out with Stan and shakes Marvin's hand. Kyle : Nice to meet you Starvin' Marvin. Cartman : Hey mooom? Liane : Yes hon? Cartman : We found a Etheropian, can we keep him? Liane : Sure, hon. Cartman : Sweet. Scene Description : Cartman
data/scripts/Prehistoric_Ice_Man.md Scene Description : The boys appear on the sidewalk.

Stan : He doesn't look very happy in there.

Kyle : No, he sure doesn't.

Stan : I wasn't talking to you, buttpipe! I was talking to Cartman!

Kyle : Well, I was talking to Cartman, too!"
What is the name of the character who runs a beauty salon and often shares wisdom with the kids?,Sheila Broflovski (Kyle’s mom).,"
data/scripts/Cancelled.md and yellow hair looks on as they leave. She then removes her wig and shows that she's a Visitor.] Scene Description : The space center. Lots of satellite dishes dot the premises. Inside Chef leads the children to a scientist. Chef : And you're the only person I could think of who might be able to
data/scripts/The_Succubus.md goddess, and how men have been oppressing women for years and viewing them as sexual objects, and I realized that I had done that myself. Woman : [walks up and looks out] Oh! What darling little children. Chef : Here she is now. Children, meet my new girlfriend, Veronica. Stan : [ignoring that
data/scripts/The_Succubus.md children. Chef : Here she is now. Children, meet my new girlfriend, Veronica. Stan : [ignoring that statement] That's nice. Look Chef, Cartman's got this eye doctor, see, and he- Girlfriend?! Chef : Children, Veronica is moving in with me. Kyle : Moving in?! Chef : I'm in love. Boys : Love?!
data/scripts/The_Succubus.md Woman : [walks up and looks out] Oh! What darling little children.

Chef : Here she is now. Children, meet my new girlfriend, Veronica.

Stan : [ignoring that statement] That's nice. Look Chef, Cartman's got this eye doctor, see, and he- Girlfriend?!
data/scripts/Crème_Fraiche.md forthcoming and delightful. Tell me about which woman at work makes you the angriest. [Sharon stops and glares at it.] Scene Description : Montage opener to a special program: closeups of a chef slicing a carrot to bits, another chef working on a pan dish, another grinding meat, another flipping a
data/scripts/Cat_Orgy.md Scene Description : The kitchen. Liane fixes herself as Shelly looks on

Liane : Thank you so much for babysitting little Eric, Shelly.

Shelly : Okay.

Liane : All those other babysitters won't come back.
data/scripts/Eat,_Pray,_Queef.md Scene Description : The Martha Stewart show.
data/scripts/The_Succubus.md Chef : Well, I can still do that, children. In fact, Veronica can help me. She's a great singer, too.

Veronica : What's the problem?

Cartman : My eyes are going bad, but the only eye doctor in South Park is really, really mean.
data/scripts/The_Succubus.md Chef : Oh, children, I'm sorry. I forgot.

Stan : [sarcastic] You forgot!

Chef : Veronica surprised me at the office and took me out to dinner. [dreamy] She's so amazing.

Kyle : Well, we've got something to tell you about Veronica, Chef!

Veronica : [appears behind Chef] Hello, children!
data/scripts/The_Succubus.md children, I'm sorry. I forgot. Stan : [sarcastic] You forgot! Chef : Veronica surprised me at the office and took me out to dinner. [dreamy] She's so amazing. Kyle : Well, we've got something to tell you about Veronica, Chef! Veronica : [appears behind Chef] Hello, children! Cartman : Ma'am, we're"
Which character is obsessed with “underpants gnomes”?,Butters Stotch.,"
data/scripts/South_ParQ_Vaccination_Special.md [looking at the Underpants Gnomes] I don't see you anywhere on the list. Gnome 1 : It's ""Gnomes"", ""Underpants Gnomes"". Gnome 2 : We are essential workers! Dr. Alphonse Mephesto : [from the back of the line] Yeah, yeah. Get in line with the rest of us! Walgreens Bouncer : Is anybody here actually on
data/scripts/Gnomes.md Stan : Yeah, I've never seen any underpants gnomes.

Tweek : They come out at 3:30 in the morning. Most people aren't up then, but I am. I can't sleep. Ever.

Kyle : Dude, we can't do a presentation on underpants gnomes. Mr. Garrison will fail us because you're making it up.
data/scripts/Gnomes.md Gnome : Well, we can explain that to you easily.

Gnome 2 : Yes, for a price.

Kyle : What?

Gnome : You know.

Stan : Underpants?

Gnomes : Underpants!

Scene Description : Harbucks, daytime. Prop. 10 supporters are out in force and Toto is performing.
data/scripts/South_ParQ_Vaccination_Special.md Gnome 1 : It's ""Gnomes"", ""Underpants Gnomes"".

Gnome 2 : We are essential workers!

Dr. Alphonse Mephesto : [from the back of the line] Yeah, yeah. Get in line with the rest of us!

Walgreens Bouncer : Is anybody here actually on the list?! [Mr. Mackey arrives dressed as a fireman]
data/scripts/Gnomes.md go. Kyle : Dude, that's the dumbest thing I've ever heard. Stan : Yeah, I've never seen any underpants gnomes. Tweek : They come out at 3:30 in the morning. Most people aren't up then, but I am. I can't sleep. Ever. Kyle : Dude, we can't do a presentation on underpants gnomes. Mr. Garrison will
data/scripts/Gnomes.md or we're screwed. Gnome 2 : Christ, we squished him like a bug! Stan : Do you know anything about corporate takeovers? Gnome : Well, we can explain that to you easily. Gnome 2 : Yes, for a price. Kyle : What? Gnome : You know. Stan : Underpants? Gnomes : Underpants! Scene Description : Harbucks,
data/scripts/Gnomes.md And what do the gnomes sing?Time to go to work, work all nightSearch for underpants, hey!We won't stop until we have underpantsYum tum yummy tum day!]'
data/scripts/Gnomes.md : Great. A lot of help you are, kid. Tweek : The gnomes! Stan : What? Tweek : [gritting his teeth] We can do our report on the gnomes. Stan : What gnomes? Tweek : The underpants gnomes. The little guys that, that come into your room late, late at night and steal your underpants. Scene Description :
data/scripts/Gnomes.md are colored. Kyle : Yeah. It's almost as big as Cartman's ass. Cartman : [exhales] No it isn't, you guys! Gnome : This is where all our work is done. Cartman : So what are you gonna do with all these underpants that you steal? Gnome : Collecting underpants is just phase 1. Phase 1: collect
data/scripts/Gnomes.md Scene Description : Shots of Kyle, Stan, then Cartman looking at Tweek.

Cartman : Oh, so that's where all my underpants go.

Kyle : Dude, that's the dumbest thing I've ever heard.

Stan : Yeah, I've never seen any underpants gnomes."
Which episode shows the boys creating their own “fighting game” to teach others how to deal with bullies?,"“The Game” (Season 13, Episode 14).","
data/scripts/Tweek_vs._Craig.md in. The other kids follow them to a clearing outside a bungalow, where Craig and Tweek resume trading punches Stan : Ye-hah! Cartman : Come on, Craig! Time to kick his ass! [the fighters, now tired and panting, butt heads] Kyle : Go, Tweek. Kick his ass! Get him! Cartman : Come on, Craig! Stan :
data/scripts/Faith_Hilling.md hitting him on the ground. Stan and Kyle begin to punch Boy 1 while Kenny attacks the girls.] Scene Description : South Park Elementary, day. The boys are in the wooden classroom again. Professor Lamont brings in a box, then pulls a gun out of it. He loads it with a bullet while the fourth graders
data/scripts/Towelie.md Boys : Oooww! [Then it blows out the roof and some sides of the main building, and the boys find themselves hanging from Towelie, above a boiling tank of acid]

Cartman : Hup hup. Come on, hang on. [Stan and Kyle moan]

Stan, Kyle : Whoa.

Kenny : (Help help! Heeelllppp!) [loses his grip on Kyle]
data/scripts/Butterballs.md show what a big man you are?! Stan : No, I just... I think bullying has gotten out of hand. And it needs to be stopped. Red : Good for you, Stan. [kids begin to clap for him. Kyle has a suspicious look.] Riley : He's cool. Scene Description : ""THE STUDENTS OF SOUTH PARK ELEMENTARY PRESENT Stop
data/scripts/Prehistoric_Ice_Man.md Scene Description : The boys walk off, then stop. Stan turns around. Kyle : Okay. First one to die, loses. Stan : 'K. Kyle : Okay. [neither one moves] Stan : O-okay. Kyle : So, here we go. [puts up his fists] Stan : 'K [puts up his fists] Kyle : Go. [they lock fists and start fighting] Scene
data/scripts/Truth_and_Advertising.md Stan : Fuck you, Kyle! [delivers a left hook and Kyle falls off the lunch bench]

Cartman : Fight! [the kids gather round to watch. Half of them are cheering them on, the other half stay quiet. Nathan stops by to see what's going on.]
data/scripts/Butterballs.md Scene Description : In front of the school. Kyle walks out and away. Stan runs out after him

Stan : Kyle? Kyle, dude, where are you going?!

Kyle : [stops, then turns around] Why are you doing this, Stan?

Stan : To stop bullying.

Kyle : You're gonna stop bullying.

Stan : YES.
data/scripts/Tweek_vs._Craig.md Stan : Here they are.

Mr. Adler : [stands and walks towards the kids] Hey! What's going on?

Stan : Tweek and Craig are fighting. We're just watching. [trading punches]

Mr. Adler : Well, why the hell don't you stop them?

Cartman : 'Cause we have ten bucks riding on it.
data/scripts/Tweek_vs._Craig.md the kids] Hey! What's going on? Stan : Tweek and Craig are fighting. We're just watching. [trading punches] Mr. Adler : Well, why the hell don't you stop them? Cartman : 'Cause we have ten bucks riding on it. Mr. Adler : Don't screw aROUND![Craig and Tweek tumble towards Kenny] Kenny : (Hey!) [They
data/scripts/Cock_Magic.md Thank you! [kids are still screaming] Kindergarten boy : I hate you! Scene Description : South Park Elementary, day. Stan recounts the events of the night before Stan : Dude, it was so badass! Our guy slaughtered every other fighter there. And now he's moving up to the real hardcore shit. Kyle : It"
"In the “Tegridy Farms Halloween Special,” which holiday does Randy Marsh believe to be more important than Halloween?",Christmas.,"
data/scripts/Tegridy_Farms_Halloween_Special.md Randy : [dances in with a Jack O'Lantern] It's the most wonderful time of the year. [puts it on the table] Well? You all excited, gang? Stan : For Halloween? I guess so. Randy : Ugh, this isn't any Halloween, because this week, Tegridy Weed is doing a Halloween special. It's big promotional thing.
data/scripts/Tegridy_Farms_Halloween_Special.md Scene Description : Tegridy Farms, day. The farm is decked out for Halloween. In the living room, Randy brings out more Halloween decorations. Sharon is working on her laptop, Stan is busy on his phone Randy : [dances in with a Jack O'Lantern] It's the most wonderful time of the year. [puts it on
data/scripts/Tegridy_Farms_Halloween_Special.md Stan : For Halloween? I guess so.

Randy : Ugh, this isn't any Halloween, because this week, Tegridy Weed is doing a Halloween special. It's big promotional thing. Everyone's gonna love it. Hey, wuh-where's Shelly?

Sharon : Shelly hasn't come out of her room in two days.

Randy : Why?
data/scripts/Tegridy_Farms_Halloween_Special.md Scene Description : Tegridy Farms, day. The farm is decked out for Halloween. In the living room, Randy brings out more Halloween decorations. Sharon is working on her laptop, Stan is busy on his phone
data/scripts/Tegridy_Farms_Halloween_Special.md Scene Description : Tegridy Farms, day. All the decorations are thrown away and lots of trash bins wait for pickup. Inside, Randy comes down the stairs looking quite beat up. The rest of the family is eating toast and cereal.
data/scripts/Christmas_Snow.md day. Announcer : Now, back to the Tegridy Farms Christmas Special. Scene Description : The Mayor bangs on Randy's door. Janson is with her. Randy answers the door and looks out Randy : Oh, hi Mayor. Mayor : We need to talk, Marsh! [they head inside] Randy : What's going on? Are people not liking
data/scripts/Christmas_Snow.md Randy : What's going on? Are people not liking the Christmas special so far?

Mayor : [eyes the weed carefully] Oh, people loooove the Christmas special. [picks up a jar] So, Marsh [turns around], what exactly is in this Christmas snow?
data/scripts/Christmas_Snow.md Mayor : We need to talk, Marsh! [they head inside] Randy : What's going on? Are people not liking the Christmas special so far? Mayor : [eyes the weed carefully] Oh, people loooove the Christmas special. [picks up a jar] So, Marsh [turns around], what exactly is in this Christmas snow? Randy :
data/scripts/Season_Finale.md Bob : Help support Tegridy Farms and Randy Marsh! Randy Marsh has done nothing wrong! Stop the ridiculous persecution! [Alejandro is mad, so he doesn't ring his bell] Mrs. White : Exonerate Tegridy Farms? [a woman walks into the store without stopping to contribute.] Oh yeah! Just ignore us! The
data/scripts/Christmas_Snow.md Mayor : Thank you, Marsh. May God bless Tegridy Farms.

Scene Description : The barn at Tegridy Farms, night. The barn is ablaze in light. Towelie and Randy are in the barn. Randy paces back and forth while Towelie sits on a hay bale."
Which episode has the boys go on a mission to recover a stolen bike?,"“The Bike Parade” (Season 12, Episode 1).","
data/scripts/The_F_Word.md Biker 12 : This can't be happening. [they continue riding]

Scene Description : An alley. The boys reflect on their work.

Stan : Really nice work, guys.

Kyle : Yeah. I think maybe everything is gonna be okay now.
data/scripts/Something_Wall-Mart_This_Way_Comes.md Randy : Gaaah! Don't look! Don't look at its bargains! [they come across a bunch of bikes priced at $29.99. They scream and run off. The boys run down another aisle, but Randy isn't with them.]

Kyle : I think I see the television department in the back!
data/scripts/Unfulfilled.md [looks at the boys] well, I'm gettin' some more things for my bike too. [lowers his head again] Um... I'll see ya, fellas. [walks away slowly. The boys watch him leave] Scene Description : Amazon Fulfillment Center. In the main shopping area, Stephen shows the Tweeks the ropes Stephen : So this is
data/scripts/Bike_Parade.md Scene Description : Kyle's garage, day. The project has been dismantled and the boys have taken their pieces and gone home. Kyle, looking very depressed, has taken his bike apart and is repainting it. Stan walks his bike up to Kyle's driveway.

Stan : How's it going?
data/scripts/Something_Wall-Mart_This_Way_Comes.md look! Don't look at its bargains! [they come across a bunch of bikes priced at $29.99. They scream and run off. The boys run down another aisle, but Randy isn't with them.] Kyle : I think I see the television department in the back! Stan : Is that the right way, Dad? Dad?! [looks around, then turns
data/scripts/The_F_Word.md scatters as the bikers arrive and tear everything up. One of them throws a bottle bomb at a store, breaking a window and setting it on fire. A family nearby escapes injury. Three bikers ram their motorcycles into the stage] Stan : There's fags everywhere! Kyle : We gotta run! [the boys leave the
data/scripts/Bike_Parade.md man! He's gone missing! [Stephen is stunned at the revelation] Scene Description : Kyle's garage, day. The project has been dismantled and the boys have taken their pieces and gone home. Kyle, looking very depressed, has taken his bike apart and is repainting it. Stan walks his bike up to Kyle's
data/scripts/Stanley's_Cup.md bike and grabs one of the pedals, but that just jerks him up and down a few times as the wheel on the ground moves the pedals. Stan hits the ground several times, getting bruised until he finally lets go of the pedal and rests on the street. He looks on helplessly as the truck keeps moving and his
data/scripts/Bike_Parade.md Scene Description : Larry's house, day. He's in the dining room talking to someone

Larry : Every year, I win the bike parade. It's the one thing I care about. Now there's kids out there who have better bikes than me because you won't get off your ass and work, Dad!
data/scripts/1%.md Scene Description : A house in the neighborhood. Stan, Kyle, and Kenny approach the front door. Their bikes are scattered all over the lawn. Kyle knocks on the door and a fifth grader answers it

Kyle : Hey dude, ah are you the guys messing with Cartman's stuffed animals?"
In which episode does Cartman convince the kids to join his “vaccine” conspiracy?,"“The Vaccine Special” (Season 24, Episode 2).","
data/scripts/South_ParQ_Vaccination_Special.md Cartman : I can't believe we're actually doing this. There are people out there who really need these vaccines -- who have cash.

Stan : I just want this over with. Let's get these stupid things to the teachers and go home.

Scene Description : Scott Malkinson jumps into frame, blocking the boys.
data/scripts/South_ParQ_Vaccination_Special.md Kyle : We set out to do something. I'm not letting our broship fall to the pandi just yet.

Cartman : Alright... then let's get those vaccines to the teachers.

Stan : Okay, let's do this.
data/scripts/South_ParQ_Vaccination_Special.md Cartman : Alright... then let's get those vaccines to the teachers.

Stan : Okay, let's do this.

Scene Description : The boys face the crowd of Qanons, Lil Qties, and adults waiting for the vaccine. They get into battle position, with Kyle taking out a baton.
data/scripts/South_ParQ_Vaccination_Special.md it was. Scott : Now just put down the vaccines and walk away, Kommunity Kidz. Cartman : Look, you guys have a right to say and believe whatever you want, okay? But what you believe is really stupid. Scott : We'll see who's stupid! [runs towards Stan, punching him in the face] Scene Description :
data/scripts/South_ParQ_Vaccination_Special.md Scott : Now just put down the vaccines and walk away, Kommunity Kidz.

Cartman : Look, you guys have a right to say and believe whatever you want, okay? But what you believe is really stupid.

Scott : We'll see who's stupid! [runs towards Stan, punching him in the face]
data/scripts/Ass_Burgers.md you serious?!) Cartman : Yep! Kyle : That's only a vaccination for girls, stupid! Cartman : Then why are they sayin' that gettin' vaccinated at school is gonna make us all retarded? Kyle : [sighs gruffly] Because some people think vaccinations can give you autism or Asperger's! Cartman : Wait what?
data/scripts/South_ParQ_Vaccination_Special.md think so, Kommunity Kidz! You're not poisoning anybody with those vaccinations! Cartman : The fuck are you talking about, Scott? Scott : I've learned the truth! And I won't let you hurt the teacher! Stan : We don't have time for this, Scott. [the boys walk towards Scott Malkinson] Scott : You don't
data/scripts/South_ParQ_Vaccination_Special.md to do the wrong thing! Cartman : [looks at Stan] I don't know why you don't stand up to him more, it's really disappointing. Scene Description : Stan stares after Cartman as he walks away. Kyle enters the back room, carrying the tray with the vaccines. His cellphone rings. He sets the vaccines on a
data/scripts/South_ParQ_Vaccination_Special.md and you better really have vaccinations. For all the teachers! Cartman : Hey, we will be there. Period. [chuckling] Okay. Okay, cool. Bye. [hangs up and burst out laughing] Did you guys hear what I said? Kyle : [angry] Why did you almost blow it at the very end, you idiot?! Cartman : Relax, guys.
data/scripts/South_ParQ_Vaccination_Special.md who have cash. Stan : I just want this over with. Let's get these stupid things to the teachers and go home. Scene Description : Scott Malkinson jumps into frame, blocking the boys. Scott : I don't think so, Kommunity Kidz! You're not poisoning anybody with those vaccinations! Cartman : The fuck"
"What episode features Cartman becoming a superhero, dubbed “The Coon”?","“The Coon” (Season 13, Episode 2).","
data/scripts/The_Coon.md Cartman : [voice over. He's seated alone on a merry-go-round] Which one of them is it? Somebody is dressing up and pretending to be a superhero! But who? Has to be one of the guys in my class, 'cause only they knew that the Coon would be on the rooftop of Walgreens. [shuts his eyes] No, stop. Can't
data/scripts/The_Coon.md Kyle wait for the bus. Cartman walks up to them. Cartman : Hey guys. Good morning. [the guys don't respond to him at all] You guys... hear that another rape victim got saved by a superhero last night? They say it was the Coon. Stan : Who's the Coon? Cartman : I know, right? [enunciating] ""Who is
data/scripts/The_Coon.md Scene Description : Neighborhood bus stop, day. Stan, Kenny, and Kyle wait for the bus. Cartman walks up to them.

Cartman : Hey guys. Good morning. [the guys don't respond to him at all] You guys... hear that another rape victim got saved by a superhero last night? They say it was the Coon.
data/scripts/Franchise_Prequel.md Wilson : AAAAH! [shuts the door on Cartman, who's taken aback. Cartman turns around and leaves the house, and the other Coon Friends follow]

Cartman : God dammit! Let's just face it! We're never gonna have a superhero franchise!

Kyle : It's so unfair.
data/scripts/Franchise_Prequel.md : Awwwwww! Sgt. Yates : I'm sorry, that's just the way it is. You all should've thought harder about this before letting him into your lives. Scene Description : Cartman's basement, day. Coon and Friends are gathered around the Coon table waiting. Cartman : When we all became superheroes, we took
data/scripts/Franchise_Prequel.md Cartman : Alright, superheros, it's time to lay out our plan of action. As you can see, I have divided the franchise plan into three phases. Phase 1 begins with The Coon Netflix series and goes through the Coon and Friends United movie, where we introduce Toolshed and The Human Kite. In Phase 2 we
data/scripts/The_Coon.md lit up. It's Cartman dressed as...] the Coon! [Cartman looks up to the sky, and graphics for ""The Coon"" pop up. Next scene, the Coon runs down a street and leaps onto the roof of a car] As the world plummets into despair the Coon fights to keep order intact. [he leaps off the car]
data/scripts/Franchise_Prequel.md He has his team assembled and begins to brief them on his plans. Cartman : Alright, superheros, it's time to lay out our plan of action. As you can see, I have divided the franchise plan into three phases. Phase 1 begins with The Coon Netflix series and goes through the Coon and Friends United
data/scripts/The_Coon.md Cartman : [offscreen] Oh my God, look everyone, it's the Coon!

The Coon : [walking up a ramp to the first floor] Fear not everyone! Coon is here to save the day.

Man 10 : Isn't that Bruce Vilanch?

Man 11 : Be careful Bruce Vilanch! There are superhumans fighting right over there!
data/scripts/Coon_2:_Hindsight.md Scene Description : Cartman's basement/The Coon's headquarters, day. A tapestry there now says ""COON aND FRiEndS."" The camera pans down to show The Coon with seven new superhero friends"
In which episode do the boys parody the Lord of the Rings movie trilogy?,"“The Return of the Fellowship of the Ring to the Two Towers” (Season 6, Episode 13).","
data/scripts/The_Return_of_the_Fellowship_of_the_Ring_to_the_Two_Towers.md Kyle : That quest sucks, Cartman! Think of another one!

Randy : [entering] Uh, boys, [the boys look up] Butters' parents want to borrow The Lord of the Rings video we rented. Could you take it over to them?
data/scripts/The_Return_of_the_Fellowship_of_the_Ring_to_the_Two_Towers.md turns off the TV, gets the video out, and reads] This is Lord of the Rings! Sharon : But then that mean..? Randy : The boys have the hottest porno ever made. Scene Description : Stotch residence. The boys approach. Kyle knocks, Stephen and Linda open the front door. Stephen : Oh, hello boys. Stan :
data/scripts/The_Return_of_the_Fellowship_of_the_Ring_to_the_Two_Towers.md boys approach. Kyle knocks, Stephen and Linda open the front door. Stephen : Oh, hello boys. Stan : My father has asked that we bring you this copy of Lord of the Rings. Stephen : Well, thank you very much, kind heroes. Cartman : Perhaps a reward is in order. Gold? Frankensteincense? Stephen : Oh,
data/scripts/The_Return_of_the_Fellowship_of_the_Ring_to_the_Two_Towers.md Scene Description : The woods, later. The boys walk through it.

Narrator : The quest continued to return The Lord of the Rings to the video store.

Stan : Man, we should have never crossed that stupid river.

Kyle : Yeah. Good job, wizard fat ass! Now we're totally lost.
data/scripts/The_Return_of_the_Fellowship_of_the_Ring_to_the_Two_Towers.md Sharon : But then that mean..?

Randy : The boys have the hottest porno ever made.

Scene Description : Stotch residence. The boys approach. Kyle knocks, Stephen and Linda open the front door.

Stephen : Oh, hello boys.

Stan : My father has asked that we bring you this copy of Lord of the Rings.
data/scripts/The_Return_of_the_Fellowship_of_the_Ring_to_the_Two_Towers.md Uh, boys, [the boys look up] Butters' parents want to borrow The Lord of the Rings video we rented. Could you take it over to them? Stan : You're sending us on... a quest? You ask of us to take the one video to the House of Butters? Randy : Yeah, whatever. Cartman : It shall be a long journey with
data/scripts/The_Return_of_the_Fellowship_of_the_Ring_to_the_Two_Towers.md Lord of the Rings wasn't the only thing I rented from the video store. [holds up a VHS case] I also rented... a porno. Sharon : Oho, you little devil. Randy : [softly, sensually] You wanna go watch? Scene Description : Neighborhood streets. The boys are well into their quest. Stan : How shall we
data/scripts/The_Return_of_the_Fellowship_of_the_Ring_to_the_Two_Towers.md Scene Description : The woods, later. The camera moves from a clearing to a tree with a large root shading a pocket underneath. The boys come into view. Kyle : We can't let those sixth graders get their hands on this videotape. Cartman : I must say I agree. If this copy of The Lord of the Rings is
data/scripts/The_Return_of_the_Fellowship_of_the_Ring_to_the_Two_Towers.md Luckily, Cartman's big enough for the both of us. [a bit lower] Shut up, Kenny. Scene Description : Kenosha Pass, snowing. The boys walk along the highway through the pass. Narrator : So it was that the heroes traveled many miles to return The Lord of the Rings to the video store. Kyle : We have
data/scripts/The_Return_of_the_Fellowship_of_the_Ring_to_the_Two_Towers.md Kyle : [walks off. Butters is saddened] The Queen and King of Stan'ses house wish The Lord of the Rings returned to them.

Butters : But it's the greatest movie I have ever seen. You guys were right. Lord of the Rings is awesome. Eh, you have to let me finish watching it."
What famous comedian is parodied in the episode “South Park is Gay!”?,George Clooney.,"
data/scripts/Lil'_Crime_Stoppers.md Stan : South Park Junior Detectives! We know you have Sarah Peterson's doll!

Fosse : [giggles] They're playing Detective. [they giggle]

Bill : That's gay. [they giggle]

Fosse : [calls out] You're gay! [outside, the boys lower their guns.]

Kyle : What do we do now?

Stan : I don't know.
data/scripts/Lil'_Crime_Stoppers.md it?! Stan : South Park Junior Detectives! We know you have Sarah Peterson's doll! Fosse : [giggles] They're playing Detective. [they giggle] Bill : That's gay. [they giggle] Fosse : [calls out] You're gay! [outside, the boys lower their guns.] Kyle : What do we do now? Stan : I don't know. Cartman
data/scripts/The_F_Word.md Stan : ""Bike-curious""! Don't you people keep up with today's lingo at all?! Kenny : [puts his head in his hands out of frustration] (Jesus fucking Christ!) Scene Description : The South Park Community Center, evening. Big Gay Al is holding a meeting there. Big Gay Al : Fellow homosexuals, I believe
data/scripts/The_Death_Camp_of_Tolerance.md Scene Description : South Park Elementary, Counselor Mackey's office.

Mr. Mackey : Parents, I had to call you in here because your boys have refused to attend class with their homosexual teachers, m'kay?

Stan : We're not staying in class another minute with those queermos!
data/scripts/South_Park_is_Gay!.md Sheila : I don't know. Sometimes boys take cultural fads too far...

Scene Description : South Park, day. The boys go to school in their new threads. They stop at the main entrance.

Stan : Dude, I can't wait for Wendy to see how gay I look!
data/scripts/Sexual_Harassment_Panda.md Stan : Yeah, Sexual Harassment Panda. He's the one that started all this. We have to find him!

Chef : Well, I hope you do. Otherwise, it's lumpy potatoes from here on out.

Cartman : Noooo! [runs out]

Scene Description : South Park School Board meeting
data/scripts/It_Hits_the_Fan.md Scene Description : South Park, bar, night. The men are gathered there once again

Announcer : Get ready for ""Must Shit TV""! Starting now, four straight hours of pure shit! It's all live!
data/scripts/Big_Gay_Al's_Big_Gay_Boat_Ride.md Crowd : Wooooh!

Stan : And it's okay to be gay!

Scene Description : The crowd falls silent.

Jimbo : What?!

Stan : Being gay is just part of nature, and a beautiful thing.

Mr. Garrison : What the hell is he talking about?
data/scripts/You_Got_F'd_in_the_A.md then the SP side. The Blacks, Jimbo, Ned, Skeeter, and Mr. Garrison are in that audience. The South Park crew is then shown with Chef MC : Ladies and Gentlemen, Scene Description : The Marshes are shown, Randy with his portable oxygen tank and wheelchair. MC : man, you are all in for a treat!
data/scripts/The_F_Word.md Mayor. Just because a person is gay doesn't mean he's a fag. Mayor McDaniels : What?! You four boys, in my office, NOW! Stan : Aw crap! Scene Description : South Park Public Library, day. A row of motorcycles is at the front door. Lead Biker : Faggot, often shortened to fag, has been used in the"
Which famous Disney princess is parodied in the South Park episode “The Princess”?,Elsa from Frozen.,"
data/scripts/Chef_Goes_Nanners.md Scene Description : South Park Elementary, school library. Wendy has assembled her team and leads them through preliminary items. In her team are Bebe, Clyde, Butters, Token, Kevin, and three others. Cartman is not there yet.
data/scripts/Helen_Keller!_The_Musical.md Scene Description : The South Park Community Theatre, backstage. Timmy and Lamond watch Alinicia perform.

Lamond : She's brilliant! Everyone loves her so far. [the two workers approach him]

Cartman : [rushes up] Hey, the fountains you guys installed are shorting out some of our lights.
data/scripts/South_Park_is_Gay!.md Scene Description : South Park, school bus stop, morning. Stan, Cartman and Kenny wait for the bus. Stan is dressed in fishnet tank top, artsy pants, and a new, furry cap with the same colors as his old one. Cartman is dressed in a Madonna fashion shirt and artsy pants. His hair is tussled and
data/scripts/South_Park_is_Gay!.md Scene Description : South Park, school bus stop, morning. Stan, Cartman and Kenny wait for the bus. Stan is dressed in fishnet tank top, artsy pants, and a new, furry cap with the same colors as his old one. Cartman is dressed in a Madonna fashion shirt and artsy pants. His hair is tussled and
data/scripts/Helen_Keller!_The_Musical.md Scene Description : The South Park Community Theatre, stage. Stan, Kyle, Wendy, and Jeffrey are in costume

Wendy : There is nothing we can do for our poor daughter. We cannot reach her.
data/scripts/Cash_For_Gold.md Scene Description : South Park Elementary, playground, day. During recess, Butters twirls a sign around, while Cartman is decked out in all sorts of jewelry.
data/scripts/Fat_Camp.md It was a lady in a costume! Cartman : [miffed] Would somebody put this retard out of his misery?! Scene Description : South Park Elementary, day, playground. Stan and Pip stand by Kenny, who's groaning in pain and holding his stomach. Kyle : [walks up with Butters] What's the matter? Stan : Kenny's
data/scripts/Fat_Camp.md Taller Boy : Heh! It was a lady in a costume!

Cartman : [miffed] Would somebody put this retard out of his misery?!

Scene Description : South Park Elementary, day, playground. Stan and Pip stand by Kenny, who's groaning in pain and holding his stomach.
data/scripts/The_Poor_Kid.md Scene Description : South Park Elementary, hallway. Bill and Red are chatting, Lola talks to Bebe. As the kids mill around, Cartman comes around the corner and moves from person to person as he speaks.
data/scripts/Fourth_Grade.md Scene Description : South Park Elementary, outside. The bell rings, and the students head out onto the playground.

Stan : What a bitch!

Kyle : And did you see her lazy eye? You can't even tell what she's looking at.

Cartman : You guys are all such pussies!"
In which episode does South Park parody the reality TV show The Bachelor?,"“The Bachelor” (Season 12, Episode 9).","
data/scripts/It_Hits_the_Fan.md off] Scene Description : South Park, bar, night. The men are gathered there once again Announcer : Get ready for ""Must Shit TV""! Starting now, four straight hours of pure shit! It's all live! Scene Description : On the set of the Drew Carey show. Drew and Mimi are onstage, with Drew sitting at his
data/scripts/Free_Hat.md Announcer : [""COMING THIS SUMMER""] Coming, this summer! [""RE-RELEASE OF EPISODE 1 SOUTHPARK""] It's the digitally-re-enhanced re-release of the very first pilot episode of South Park! [scenes from ""Cartman Gets An Anal Probe"" play - the cafeteria, the boys walking down the street, Stan, Kyle, and
data/scripts/It_Hits_the_Fan.md Scene Description : South Park, bar, night. The men are gathered there once again

Announcer : Get ready for ""Must Shit TV""! Starting now, four straight hours of pure shit! It's all live!
data/scripts/Helen_Keller!_The_Musical.md is onstage to introduce the last skit of the night Mr. Garrison : And finally tonight, parents, we have the South Park Kindergarten class. Their play is titled, ""Thanksgiving, Mon Ami."" Stan : Okay, here we go. [the kids are still backstage, but in their street clothes] Kyle : Dude, it just can't
data/scripts/You_Got_F'd_in_the_A.md then the SP side. The Blacks, Jimbo, Ned, Skeeter, and Mr. Garrison are in that audience. The South Park crew is then shown with Chef MC : Ladies and Gentlemen, Scene Description : The Marshes are shown, Randy with his portable oxygen tank and wheelchair. MC : man, you are all in for a treat!
data/scripts/Fishsticks.md ass! [stands up pushes him off his chair] Scene Description : South Park Elementary, day. The kids are having lunch in the school cafeteria. Stan and Kyle sit opposite each other this time. Cartman : And then it was on Leno and the Jimmy Kimmel show! Dude, that's our joke on national television.
data/scripts/Free_Hat.md : [""COMING THIS SUMMER""] Coming, this summer! [""RE-RELEASE OF EPISODE 1 SOUTHPARK""] It's the digitally-re-enhanced re-release of the very first pilot episode of South Park! [scenes from ""Cartman Gets An Anal Probe"" play - the cafeteria, the boys walking down the street, Stan, Kyle, and Wendy in the
data/scripts/Big_Gay_Al's_Big_Gay_Boat_Ride.md Kyle : Well, maybe Mr. Garrison is wrong. You should ask somebody else.

Stan : Like who?

Scene Description : Inside Stan's house, Jesus and Pals' title screen is on TV.

TV Announcer : And now back to Jesus and Pals on South Park public access.
data/scripts/Weight_Gain_4000.md Park? Mr. Garrison : And the presentation will be on national television. Stan, Kyle : Television! Mr. Garrison : [Thinking to himself.] Kathie Lee Gifford. I don't believe it. Scene Description : City Hall. Mayor's Office. Mayor McDaniels : Kathie Lee Gifford in South Park! Oh my God! This is our
data/scripts/Fishsticks.md Scene Description : South Park Elementary, day. The kids are having lunch in the school cafeteria. Stan and Kyle sit opposite each other this time.

Cartman : And then it was on Leno and the Jimmy Kimmel show! Dude, that's our joke on national television.

Kyle : We know, Cartman!"
In which episode does the show parody The Hunger Games?,"“The Pandemic Special” (Season 24, Episode 1).","
data/scripts/The_Simpsons_Already_Did_It.md Mr. Garrison : Every idea's been done, Butters, even before the Simpsons.

Chef : Yeah. In fact, that episode was a rip-off of a Twilight Zone episode.
data/scripts/Starvin'_Marvin.md is holding food from us!!! Scene Description : They turn to look at him. Sally Struthers : Uh oh. Scene Description : She just can't eat that cake fast enough. Scene Description : South Park Forest. The battle continues. The turkeys fight valiently, but many are falling. Ike beheads a turkey.
data/scripts/The_Pandemic_Special.md Scene Description : The episode begins with a bleak landscape. Everything in town looks abandoned and decayed. In the school playground, one of the swings is falling apart. At the bus stop, a shoe print echoes the one at the moon landing, while a Vons sign is on the ground nearby. Butters sits on
data/scripts/The_Pandemic_Special.md Scene Description : The episode begins with a bleak landscape. Everything in town looks abandoned and decayed. In the school playground, one of the swings is falling apart. At the bus stop, a shoe print echoes the one at the moon landing, while a Vons sign is on the ground nearby. Butters sits on
data/scripts/The_Simpsons_Already_Did_It.md Dougie : Episode 9F17 entitled ""So It's Come To This!""

Butters : [seethes for a few seconds] Fine! Then maybe I'll just forget about destroying the town and just run away and join the circus! [sits down next to Dougie]

Dougie : ...Simpsons did it.

Butters : Dwaah!!
data/scripts/Butters'_Very_Own_Episode.md Description : ""The Butters Show"" splash screen, but now only ""Butters"" is on the screen. Choir : Everyone know it's Butters! Butters : [pops out through an exploding hole and points to himself with his thumb] Uh, that's me! Scene Description : South Park, night, the seedy side of town. Butter's
data/scripts/The_Simpsons_Already_Did_It.md soccer riot can destroy the- Dougie : Simpsons did it! Simpsons did it! Butters : [flips to plan #125-E] Take all the beer cans in South Park and have them shaken up in a huge mixer at the paint store so that- Dougie : Episode 9F17 entitled ""So It's Come To This!"" Butters : [seethes for a few
data/scripts/You're_Not_Yelping.md Cartman : Oh God, now everyone thinks they're a food critic.

Scene Description : South Park Elementary, hallway, day. Cartman puts his books in his locker and walks away when Butters catches him

Butters : Did you get 'em? Did you get 'em? Did you get 'em? Huh?
data/scripts/The_Simpsons_Already_Did_It.md be. Dougie : Uh oh, Simpsons did it! Simpsons did it! [a shot of the TV] Butters : No! No! [begins hallucinating] Dougie : [now looking like Bart and no longer in costume] Simpsons did it! Simpsons did it! Butters : Aaaaah! Dougie : Don't have a cow, man. Butters : Oh sweet Jesus! Scene Description
data/scripts/The_Simpsons_Already_Did_It.md store so that- Dougie : Episode 9F17 entitled ""So It's Come To This!"" Butters : [seethes for a few seconds] Fine! Then maybe I'll just forget about destroying the town and just run away and join the circus! [sits down next to Dougie] Dougie : ...Simpsons did it. Butters : Dwaah!! Scene Description"
"In “The Coon” episodes, who does Cartman fight against to become the superhero of South Park?","The Coon fights against the evil villain, Professor Chaos (Butters Stotch).","
data/scripts/The_Coon.md them answer him] Kenny? Scene Description : South Park Elementary, day. Cartman is giving an oral report on the Coon, in the form of a FAQ. Cartman : And of course the most common question asked is, just who is he? [he's wearing a ""Who is the Coon?"" shirt] Is he a hero or a menace? [half the class
data/scripts/The_Coon.md appears, but it doesn't look like the Coon's] Cartman : [angrily] What?! Anchor : Curious crowds in the town of South Park, Colorado. [people mill around looking for pictures of Mysterion to take] They've brought binoculars and camera phones trying to get a shot of a mysterious superhero. Man 1 :
data/scripts/The_Coon.md Cartman : [voice over. He's seated alone on a merry-go-round] Which one of them is it? Somebody is dressing up and pretending to be a superhero! But who? Has to be one of the guys in my class, 'cause only they knew that the Coon would be on the rooftop of Walgreens. [shuts his eyes] No, stop. Can't
data/scripts/Fat_Camp.md Scene Description : South Park, the Cartman house. Butters and Timmy have replaced Cartman in the boy's group for now, and they stand in front of the Broflovski parents, Mr. Mackey, Mr. Garrison, Sharon March, Principal Victoria, and Dr. Doctor. They argue amongst themselves.
data/scripts/The_Coon.md Scene Description : South Park Elementary, day. Cartman is giving an oral report on the Coon, in the form of a FAQ.
data/scripts/The_Coon.md Kyle wait for the bus. Cartman walks up to them. Cartman : Hey guys. Good morning. [the guys don't respond to him at all] You guys... hear that another rape victim got saved by a superhero last night? They say it was the Coon. Stan : Who's the Coon? Cartman : I know, right? [enunciating] ""Who is
data/scripts/The_Coon.md Cartman : [angrily] What?!

Anchor : Curious crowds in the town of South Park, Colorado. [people mill around looking for pictures of Mysterion to take] They've brought binoculars and camera phones trying to get a shot of a mysterious superhero.
data/scripts/The_Coon.md Cartman : And of course the most common question asked is, just who is he? [he's wearing a ""Who is the Coon?"" shirt] Is he a hero or a menace? [half the class is bored, and Clyde is asleep at his desk. Mr. Garrison reads quietly at his desk] While we can all admit that the Coon is obviously really
data/scripts/The_Coon.md of an unknown child in South Park who has taken to the streets in an effort to fight crime. Cartman : [suddenly hopeful, looks at the TV] Wha, what? Anchor : But who exactly is... Mysterion? [a silhouette appears, but it doesn't look like the Coon's] Cartman : [angrily] What?! Anchor : Curious
data/scripts/The_Coon.md replies] Motherfucker! Scene Description : South Park Elementary playground, day. The camera looks at various kids at play. Cartman : [voice over. He's seated alone on a merry-go-round] Which one of them is it? Somebody is dressing up and pretending to be a superhero! But who? Has to be one of the"
"In the episode “ManBearPig,” who does Al Gore try to warn the world about?","ManBearPig, a creature that is a mix of man, bear, and pig.","
data/scripts/ManBearPig.md ManBearPig meeting tomorrow morning? I have some evidence he could be in this area. Stan : Eh look, I'm sorry but, we're all kind of busy. Al Gore : [several seconds of silence] Oh. I get it. You don't believe me either. Stan : No, no, it's not that. Al Gore : Yes it is. Nobody believes me! [gets
data/scripts/ManBearPig.md Al Gore : I'm spreading ManBearPig awareness. Here, each of you kids take a pamphlet and a bumper sticker. [Kyle looks at the sticker; the sticker has a ""ManBearPig"" crossed out by a red circle and bar, and the words ""We must all stop ManBearPig"" to the left of the ManBearPig] I hope now you boys
data/scripts/ManBearPig.md Stan : Ih it's okay, Mr. Gore, I, I believe you.

Al Gore : No you don't.

Stan : Yeah, I'm sure ManBearPig needs to be stopped. I'm just... I'm just scared that I can't do anything to stop him.

Al Gore : Are you serial?

Stan : ...Yes, I'm serial.
data/scripts/ManBearPig.md forward] Al Gore : [looks at an opening and motions the kids over] Kids! Kids, over here! Look. Kyle : What? Al Gore : I bet this is where he's hiding. [shines his light around] This looks like ManBearPig Central. Come on! [goes down the path he found] Come on! This is where ManBearPig is! I'm
data/scripts/ManBearPig.md the boys] Al Gore : Hi kids! Come on in! [the boys follow him in] Okay, let's get this meeting started. What do you kids think we should do to stop ManBearPig? Stan : Yyeah, you know, Mr. Gore, uh, my dad's a geologist, and he said that ManBearPig probably isn't in Colorado. Al Gore : [alerted,
data/scripts/ManBearPig.md the goddamned ball! Beast : FOOD! [it's Al Gore in a homemade ManBearPig costume. The boys turn to see who it is] Don't worry, it's not really ManBearPig. It's me, Al Gore. Kyle : We know. [several seconds of silence follow] Cartman : Dude, what are you doing? Al Gore : I'm spreading ManBearPig
data/scripts/ManBearPig.md Al Gore : Hi kids! Come on in! [the boys follow him in] Okay, let's get this meeting started. What do you kids think we should do to stop ManBearPig?

Stan : Yyeah, you know, Mr. Gore, uh, my dad's a geologist, and he said that ManBearPig probably isn't in Colorado.
data/scripts/Imaginationland,_Episode_III.md Al Gore : What's going on here? [no one says a word, and he ""flies"" around a bit more] The military has to do this! It's their only way to kill ManBearPig. [""flies"" off]
data/scripts/ManBearPig.md want somebody in the world to take me serial just for once. Stan : Ih it's okay, Mr. Gore, I, I believe you. Al Gore : No you don't. Stan : Yeah, I'm sure ManBearPig needs to be stopped. I'm just... I'm just scared that I can't do anything to stop him. Al Gore : Are you serial? Stan : ...Yes, I'm
data/scripts/ManBearPig.md my dad's a geologist, and he said that ManBearPig probably isn't in Colorado. Al Gore : [alerted, goes down on one knee] What does your dad look like?? Does he have large hooves where his feet should be?? Stan : NO. Al Gore : Damn. For a minute there, I thought we found him. Stan : Well, this was a"
What was the conspiracy behind the South Park episode “Mysterion Rises”?,The idea that Mysterion (Kenny) is a supernatural force who is trying to protect the world.,"
data/scripts/Time_To_Get_Cereal.md Scene Description : Kyle's room, evening. Kyle is typing away at his computer as Stan looks on.

Stan : Keep looking. There's a lot of people saying they saw it, Kyle. It's not just me.

Kyle : ""Evidence of the creature of South Park."" This is like a conspiracy Web site.
data/scripts/Time_To_Get_Cereal.md a lot of people saying they saw it, Kyle. It's not just me. Kyle : ""Evidence of the creature of South Park."" This is like a conspiracy Web site. Stan : It's not a conspiracy, it's real. Keep going down. There's video. [Kyle scrolls down and stops at ""MAN-BEAR-PIG captured on VIDEO""] There! Right
data/scripts/It_Hits_the_Fan.md HBC President : I didn't know. [begins to weep into his hands] I didn't know!!!

Scene Description : South Park, bar, night. The men watch in increasing disbelief

Randy : I, I can't follow this shitty storyline at all.
data/scripts/Cartoon_Wars_Part_I.md Stan : Oh come on, people. You really think anybody's gonna be that pissed off about a cartoon??

Mr. Mackey : Wu-we've got the TV working! [the picture comes into focus]

Scene Description : South Park News 4, Anchor Tom reporting
data/scripts/Two_Days_Before_the_Day_After_Tomorrow.md Tom : In the nearby town of South Park, the cause of the Beaverton flood is being investigated.

Man 1 : That's right! We know whose fault this is!

Stan : Huh oh. [puts his hands to his cheeks. Shelly gives him a funny look]

Man 1 : It's George Bush's fault!
data/scripts/Cartoon_Wars_Part_I.md Guy doesn't care who they insult! They only care about their... precious money! Stan : Oh come on, people. You really think anybody's gonna be that pissed off about a cartoon?? Mr. Mackey : Wu-we've got the TV working! [the picture comes into focus] Scene Description : South Park News 4, Anchor Tom
data/scripts/The_City_Part_of_Town.md for it. Hey, did someone say 'rape?' That's the word for 'clever' here in South Park"" [the camera is back on Randy and Sharon] Randy : [turns off the TV] That's not funny. [gets up and walks away.] Scene Description : South Park Elementary, day. Kids are walking around in the hallway. Stan goes to
data/scripts/The_City_Part_of_Town.md jaws dropped] ""Please open your shotguns and slap your wives!"" [a shot of Butters watching the show on the phone, in bed. He's crying quietly] ""I live in South Park and my IQ's so low I've got's ta dig for it. Hey, did someone say 'rape?' That's the word for 'clever' here in South Park"" [the camera
data/scripts/Gnomes.md Stan : No.

Mr. Garrison : Well, let me put it another way. You have to give your oral report to the entire South Park Town Committee tomorrow. And if it doesn't kick ass, and you make me look bad, Mr. Hat is gonna smack you bitches up!

Tweek : Wagh!
data/scripts/Truth_and_Advertising.md demanding that all of South Park's community leaders step down. The PC frat brothers say they've gone now two days without eating any pussy, and will continue to do so until people resign. Tom : Who is that reporter? Do we... know him? Kevin : Tom, that's Bill Keegan, WCFO. Tom : Thanks, Brian."
"Which conspiracy theorist character did Randy Marsh create, known for his beliefs about aliens?","He created “Tegridy Farms,” a conspiracy of “weed that leads to extraterrestrial visits.”","
data/scripts/Pinewood_Derby.md Stan : Dad they aren't here for that.

Randy : [lowers his guard and shakes Agent Marx's hand] Oh. Hi, I'm Randy Marsh.

Agent Clark : Mr. Marsh, we were just telling your son that thanks to you, we have made first contact with alien life.
data/scripts/Pinewood_Derby.md : Dad they aren't here for that. Randy : [lowers his guard and shakes Agent Marx's hand] Oh. Hi, I'm Randy Marsh. Agent Clark : Mr. Marsh, we were just telling your son that thanks to you, we have made first contact with alien life. Randy : [surprised, softly] What? [looks to his right and says
data/scripts/Season_Finale.md Anchor : And the President of the United States today called the allegations against Randy Marsh ""total, buttfucking bullshit,"" and claims the neighbors who came forward with the evidence video are ""tampon-faced, 69ing whistleblowers."" When asked for clarification, the President's lawyer and
data/scripts/Season_Finale.md Bob : Help support Tegridy Farms and Randy Marsh! Randy Marsh has done nothing wrong! Stop the ridiculous persecution! [Alejandro is mad, so he doesn't ring his bell]
data/scripts/Season_Finale.md Randy : Yeahhh. [jumps forward and takes a long drag]

Scene Description : Breaking News

Field reporter : Tom, I'm standing outside the government building where Randy Marsh is about to be arraigned. Protesters from both sides have gathered here. Some of them who are for the proceedings...
data/scripts/Trapped_in_the_Closet.md Randy : All right, what the hell is going on here?!

President : We've been looking for your son for a long time, Mr. Marsh. He is the reincarnation of our church's most famous prophet.

Sharon : Wwhat??

President : Scientologists the world over are simply rejoicing at his second coming.
data/scripts/Pinewood_Derby.md Stan : Aw crap, Dad! [the men enter the house and walk past Stan. He closes the door behind them]

Agent Clark : Young man, what we are about to tell you is a matter of national security. Yesterday every country and embassy on Earth was contacted by... an alien life force.

Stan : Alien?
data/scripts/Ass_Burgers.md Stan : Huh?

Morpheus : The world around us has all completely turned to shit. But aliens are putting out a brainwave that keeps most people seeing a false reality

Stan : Aliens?
data/scripts/Season_Finale.md Randy Marsh is about to be arraigned. Protesters from both sides have gathered here. Some of them who are for the proceedings... Crowd : Lock him up! Lock him up! Lock him up! Lock him up! Lock him up! Field reporter : ...and also those in support of ending the investigation. The Whites : Let him
data/scripts/Trapped_in_the_Closet.md : We've been looking for your son for a long time, Mr. Marsh. He is the reincarnation of our church's most famous prophet. Sharon : Wwhat?? President : Scientologists the world over are simply rejoicing at his second coming. Randy : Look, we don't want our son to join your group, okay? President :"
In which episode does the show explore the concept of the “deep state”?,"“The Deep State” (Season 24, Episode 3).","
data/scripts/Mysterion_Rises.md to understand. And all will know who and what I truly am! [a swarm of ?'s flies around the screen, and the name of the episode appears]
data/scripts/The_Simpsons_Already_Did_It.md Mr. Garrison : Every idea's been done, Butters, even before the Simpsons.

Chef : Yeah. In fact, that episode was a rip-off of a Twilight Zone episode.
data/scripts/I_Should_Have_Never_Gone_Ziplining.md Scene Description : ""The following program contains graphic re-enactments that may be disturbing to some audience members."" The marina. This is the live-action segment of the episode
data/scripts/The_Pandemic_Special.md Scene Description : The episode begins with a bleak landscape. Everything in town looks abandoned and decayed. In the school playground, one of the swings is falling apart. At the bus stop, a shoe print echoes the one at the moon landing, while a Vons sign is on the ground nearby. Butters sits on
data/scripts/The_Pandemic_Special.md Scene Description : The episode begins with a bleak landscape. Everything in town looks abandoned and decayed. In the school playground, one of the swings is falling apart. At the bus stop, a shoe print echoes the one at the moon landing, while a Vons sign is on the ground nearby. Butters sits on
data/scripts/The_Return_of_the_Fellowship_of_the_Ring_to_the_Two_Towers.md Linda : Ohh God!! [the Stotches panic and rush downstairs. The Marshes follow]

Scene Description : Basement. Chris, Linda, Randy and Sharon enter. The TV is still on, but there's static. Butters isn't around.

Stephen : Butters?

Linda : Butters? [they notice the television] Butters!
data/scripts/Dead_Celebrities.md Scene Description : An episode of Ghost Hunters.
data/scripts/Cartoon_Wars_Part_II.md Kyle : [runs in and interrupts] Sir! Mister television executive! Stop!

FOX President : Who are you?

Kyle : Listen to me: the little boy who convinced you to pull the episode is a bastard child. He only wants you to pull it because he knows it will be the end of Family Guy forever!
data/scripts/Cancelled.md Stan : Look, we just want to talk to you about the show.

Kyle : Please don't cancel us. Please.

Joozian 1 : Oh I'm sorry, Earthlings, but you have to realize the universe is a business.

Joozian 2 : You've made it to a hundred episodes, you should be proud!
data/scripts/Death.md Scene Description : The kids go back to watch the show with Death. They are all laughing.

Scene Description : In front of Cartoon Central."
Which celebrity does Cartman dress up as in the South Park episode “The Passion of the Jew”?,Mel Gibson.,"
data/scripts/Jared_Has_Aides.md [more cheering] Cartman : That guy ate all the sandwiches he wanted and lost weight. He is so cool. Scene Description : South Park, later. A knock is heard and a door opens. Jared is seen eating a sub at a desk. A worker peaks in. Worker : Mr. Fogle, some fans wanted to see if you'd sign their
data/scripts/Raising_the_Bar.md Scene Description : What appears looks more like a television pilot than a documentary. Cartman is shown going down the street in downtown South Park, then he's crossing the street on his Rascal. A car stops before it hits him. then he's eating chips in the living room on his Rascal. ""The new show
data/scripts/Raising_the_Bar.md : What appears looks more like a television pilot than a documentary. Cartman is shown going down the street in downtown South Park, then he's crossing the street on his Rascal. A car stops before it hits him. then he's eating chips in the living room on his Rascal. ""The new show by Token black &
data/scripts/It's_a_Jersey_Thing.md Scene Description : South Park Square, night. Cartman has left his usual friends and is talking to a group of other boys from his class: Bradley, Jason, Butters, Fosse, DogPoo, and Bill
data/scripts/Jared_Has_Aides.md Some men : Alright! [more cheering]

Cartman : That guy ate all the sandwiches he wanted and lost weight. He is so cool.

Scene Description : South Park, later. A knock is heard and a door opens. Jared is seen eating a sub at a desk. A worker peaks in.
data/scripts/Red_Hot_Catholic_Love.md The Mayor of South Park has announced that for first discovering this healthy way of eating, young citizen [Cartman's picture appears] Eric Cartman will be given... a freaking medal. Kyle : HAAAAAAAAAAAAAAAA! Scene Description : A kitchen set in a studio, day. An attractive woman is busy preparing
data/scripts/Scott_Tenorman_Must_Die.md Scene Description : Scott's house, later. Cartman rings the doorbell again

Cartman : Scott, Scott! Courtney Love is in South Park! She's all drunk and spreading her legs and showing her poonanner to everybody! You gotta go check it out! I'll watch your house for ya!
data/scripts/Fat_Camp.md Scene Description : South Park, the Cartman house. Butters and Timmy have replaced Cartman in the boy's group for now, and they stand in front of the Broflovski parents, Mr. Mackey, Mr. Garrison, Sharon March, Principal Victoria, and Dr. Doctor. They argue amongst themselves.
data/scripts/The_End_of_Serialization_as_We_Know_It.md Heidi : Well, what do you mean?

Cartman : It was a joke.

Scene Description : South Park: Residential area. The Stotch residence is shown, with Stephen and Linda Stotch opening the door and looking up to the sky. Kyle starts narrating.

Kyle (voiceover) : And so, life goes on.
data/scripts/Fat_Camp.md Cartman. Stan : Did you like the old one? Kyle : Good point. Scene Description : Jesus and Pals Announcer : And now back to Jesus and Pals, on South Park Public Access. Jesus : [with the new Cartman] Back to our courageous story of a little boy's triumph over obesity. Eric, yea. You found that the"
Which celebrity does Butters mistakenly try to get in trouble by imitating in “The Return of the Lord of the Rings”?,Paris Hilton.,"
data/scripts/Butters'_Very_Own_Episode.md Scene Description : ""The Butters Show"" splash screen

Choir : Everyone knows it's Butters!

Butters : [pops out through an exploding hole and points to himself with his thumb] That's me!
data/scripts/Butters'_Very_Own_Episode.md Scene Description : ""The Butters Show"" splash screen

Choir : Everyone knows it's Butters!

Butters : [pops out through an exploding hole and points to himself with his thumb] That's me!
data/scripts/Butters'_Very_Own_Episode.md Scene Description : ""The Butters Show"" splash screen

Choir : Everyone knows it's Butters!

Butters : [pops out through an exploding hole and points to himself with his thumb] That's me!
data/scripts/The_Magic_Bush.md Butters : NO! There is NO WAY I'm gonna-

Cartman : Butters. Butters Butters! Jennifer Lawrence's butthole didn't take picture of itself! It started with her! Right? Just like this started with you spying on birds! Now I'm willing to bail you out of all this, but I swear it's the last time! Okay?!
data/scripts/Butters'_Very_Own_Episode.md Scene Description : ""The Butters Show"" splash screen

Choir : ...Butters!

Butters : [pops out through an exploding hole and points to himself with his thumb] That's me!
data/scripts/Butters'_Very_Own_Episode.md Scene Description : ""The Butters Show"" splash screen

Choir : ...Butters!

Butters : [pops out through an exploding hole and points to himself with his thumb] Uh, that's me!
data/scripts/Helen_Keller!_The_Musical.md Butters : [a camera follows him to the auditorium at butt level; another camera shows him entering the room] They've got special effects! [Jeffrey continues singing in the background]

Kyle : What Butters? [Butters meets the others onstage]
data/scripts/The_Return_of_the_Fellowship_of_the_Ring_to_the_Two_Towers.md Stephen : Butters?

Linda : Butters? [they notice the television] Butters!

Butters : [peeks out from behind the sofa, in the shadow, then speaks in a raspy voice] The precious? [his parents turn to see him] Could you bring back my precious?
data/scripts/Butters'_Very_Own_Episode.md Description : ""The Butters Show"" splash screen Choir : Everyone knows it's Butters! Butters : [pops out through an exploding hole and points to himself with his thumb] That's me! Scene Description : Butters' house, night, living room. His mom has returned home and is now writing a note. A noose
data/scripts/The_Magic_Bush.md Butters : What? Cartman : Your dad's drone. Butters : NO! There is NO WAY I'm gonna- Cartman : Butters. Butters Butters! Jennifer Lawrence's butthole didn't take picture of itself! It started with her! Right? Just like this started with you spying on birds! Now I'm willing to bail you out of all"
In which episode does South Park parody the famous boxing match between Floyd Mayweather and Manny Pacquiao?,"“The Fight” (Season 18, Episode 8).","
data/scripts/Cartman's_Mom_is_Still_a_Dirty_Slut.md Scene Description : South Park.

Announcer 2 : Previously, on South Park: an air of sobriety fills the laboratory as the men of South Park gather to find out which one of them fathered this boy.

Scene Description : A shot of Cartman chowing down on cookies and milk.
data/scripts/Cartman's_Mom_is_Still_a_Dirty_Slut.md Scene Description : South Park. Announcer 2 : Previously, on South Park: an air of sobriety fills the laboratory as the men of South Park gather to find out which one of them fathered this boy. Scene Description : A shot of Cartman chowing down on cookies and milk. Announcer 1 : Who is Eric
data/scripts/The_Losing_Edge.md Stan : [sighs] Goddamnit. [goes back into the restaurant]

Randy : I've worked hard, believed in myself, and now I'm gonna be fighting in a State Championship game. [smiles] This is gonna be the biggest fight of my life.

Scene Description : South Park News

Announcer : This is News 4, at noon.
data/scripts/It_Hits_the_Fan.md Scene Description : South Park, bar, night. The men are gathered there once again

Announcer : Get ready for ""Must Shit TV""! Starting now, four straight hours of pure shit! It's all live!
data/scripts/The_Losing_Edge.md FC announcer : That's it. South Park wins the game. [the Fort Collins team cheers]

Stan : Aw spit! [throws his mitt down on the mound. His father is arrested again with his pants around his ankles and hauled towards a waiting patrol car]
data/scripts/The_Red_Badge_of_Gayness.md South Park Men : Yeah! Yeah! Jimbo : Ccchhhhaaaarrrrggggeeee! Scene Description : Randy knocks Ralph down with the butt of his gun. Gerald tackles Mrs. Hollis. Another man prepares a Molotov cocktail and throws in into a house, then salutes the resulting fire. Jimbo and Med head for the church, and
data/scripts/Free_Hat.md Announcer : [""COMING THIS SUMMER""] Coming, this summer! [""RE-RELEASE OF EPISODE 1 SOUTHPARK""] It's the digitally-re-enhanced re-release of the very first pilot episode of South Park! [scenes from ""Cartman Gets An Anal Probe"" play - the cafeteria, the boys walking down the street, Stan, Kyle, and
data/scripts/It_Hits_the_Fan.md off] Scene Description : South Park, bar, night. The men are gathered there once again Announcer : Get ready for ""Must Shit TV""! Starting now, four straight hours of pure shit! It's all live! Scene Description : On the set of the Drew Carey show. Drew and Mimi are onstage, with Drew sitting at his
data/scripts/Conjoined_Fetus_Lady.md Chinese commentator : And the winner is South Park Cows!

Scene Description : Musicians play.

Pip : Everyone! Everyone, look! I won the game! We're world champions! Mr. Chef, Mr. Chef. South Park is the world champion in dodgeball. Oh, glorious day!
data/scripts/The_Losing_Edge.md stand up and cheer. The next scenes go into time-lapse: more runs are added until the final score is reached: 4 - 3] FC announcer : That's it. South Park wins the game. [the Fort Collins team cheers] Stan : Aw spit! [throws his mitt down on the mound. His father is arrested again with his pants"
"In the South Park episode “Towelie,” which character is known to be the voice of the random, high character Towelie?",Bill Hader.,"
data/scripts/Towelie.md Scene Description : South Park, sunset. The boys walk down Main Street.

Stan : Towelie!

Cartman : Hey, towel!

Kyle : Where the hell is he?

Kenny : (I don't know. Where could it be?)

Stan : I don't know. They guy on the phone thought we had Towelie, so now we gotta find him.
data/scripts/Mexican_Joker.md Towelie : [starts to roll a joint] Oh, why does it matter?

Randy : Why does it? Ugh! Am I the only person here who understands what this will do to us?!

Stan : Yeah, but Dad, you're gonna piss off everybody in South Park.

Randy : You know what? Fuck South Park!

Towelie : Fuck South Park?
data/scripts/Crippled_Summer.md help today? Towelie : I I don't, I don't get this. Jeff Van Vonderen : Kyle? Kyle : [reads from a note he wrote down earlier] Towelie, over the past few months I have watched you go from an ancillary character with a few amusing catchphrases to a dried out spooge rag covered in the jizz of a
data/scripts/A_Million_Little_Fibers.md name. Towelie comes out to cheers from the audience and climbs onto the sofa with some difficulty] Steven, when I read your book, I thought to myself, ""How can a human being go through all this and still turn out okay?"" Towelie : Well, I guess I'm just an extra-special tow- [stops himself] person.
data/scripts/Crippled_Summer.md Announcer : This program contains subject matter and language that might be disturbing to some viewers. Viewer discretion is advised. Towelie : [walking down the street being friendly] Hey everybody, how's it goin'? Scene Description : The Towel Scene Description : The Drug Addict Towelie : [taking
data/scripts/Crippled_Summer.md Stan : [in studio] A lot of times, when Towelie shoots heroin he just... gets angry at everybody.

Towelie : You can all suck it! You're all, you're all a bunch of towels, that's what you are! [walks off in disgust]
data/scripts/Crippled_Summer.md Announcer : This program contains subject matter and language that might be disturbing to some viewers. Viewer discretion is advised.

Towelie : [walking down the street being friendly] Hey everybody, how's it goin'?

Scene Description : The Towel

Scene Description : The Drug Addict
data/scripts/Crippled_Summer.md Stan : Towelie has become a complete nightmare in our town! He's broken into my house twice, and stolen my allowance! I-I've got almost nothing left!

Kyle : If we're playing outside he shows up completely wasted and, and screaming how the government is following 'im.
data/scripts/Mexican_Joker.md Scene Description : South Park, day. Randy wanders through Downtown and stops at CottonCraft Linen & Towels, where he stares at the window display of towels. Clerk 2 : Hey, are you gonna buy a towel or just stare at them? Randy : I'm not a towel! Clerk 2 : Go on! Get out of here! [Randy turns and
data/scripts/Osama_bin_Laden_Has_Farty_Pants.md Towelie : You mean, you don't want Towelie around?

Cartman : That's right!

Towelie : So am I to understand that there's been a ...Towelie ban?... [snorts and starts laughing]

The Boys : [not amused. Kyle covers his eyes] Awww!

Stan : Goddamnit, get the hell out of here, Towelie!"
"In the South Park movie Bigger, Longer & Uncut, who does the voice of Satan?",Trey Parker.,"
data/scripts/Do_the_Handicapped_Go_to_Hell?.md Satan : Oh no. [looks up] Oh, God no.

Scene Description : South Park, the church, day. Priest Maxi finishes his sermon. Fear is shown across the faces of many of the congregants
data/scripts/Do_the_Handicapped_Go_to_Hell?.md Satan : [incredulous] Oh, dear God. [slaps his hand to his face]

Scene Description : South Park, the church. Stan sits on a bench praying. A confession box stands nearby with two doors, one of which is open. Apparently, he's already confessed his sins.
data/scripts/Damien.md Satan : Let the new prince be decided on Saturday. First South Park, then the world.

Scene Description : The clouds gather behind him. He then turns and walks away.

Jimbo : [Holding his ticket up.] Well-uh... I think I'll-uh uuduh-I think I left the oven on.
data/scripts/Nobody_Got_Cereal?.md Hugh : I think Stephen echoes a lot of our feelings right now.

Scene Description : South Park Community Center, interior entrance. Satan bursts through the closed doors, creating a massive hole in the wall and then flings chairs everywhere, as people run away from him
data/scripts/Damien.md Scene Description : South Park Forum, round 2. Satan and Jesus meet up. Satan gives Jesus a hard left, throwing him against the ropes. The crowd cheers. Jesus looks back, and they are silent. Jesus turns to fight, but receives a blow in the abdomen, again stumbling to the ropes. Satan gives him a
data/scripts/Do_the_Handicapped_Go_to_Hell?.md real person too, then... well, maybe he'll see how happy we are together. Satan : No, Chris! He'll try to kill you is what he'll do! Chris : Satan, we're not in junior high school anymore. Satan : [incredulous] Oh, dear God. [slaps his hand to his face] Scene Description : South Park, the church.
data/scripts/Damien.md Pip : Ooooooooooooooooooooooo uf! Ohoho, what a splendid par-ty.

Scene Description : South Park Forum, a later round. Satan gives Jesus a fierce left, launching him into the air and against the ropes again. Jesus comes forward, and Satan gives him a right to the face.

Jesus : Oh!
data/scripts/Damien.md Man 2 : I'm betting on the Devil!

Jimbo : I wanna change my bet to Satan.

Ned : Me, too.

Mr. Garrison : Wai-wa I was here first.

Scene Description : South Park Elementary, Mr. Mackey's office. Damien is in
data/scripts/Chef_Goes_Nanners.md Wendih. Seriouslih. [she chuckles] The Bog Monster speaketh. Scene Description : South Park, the offices of Brovlofski and Jackson, Attorneys At Law. Kyle and Stan have assembled their team there. Kenny, Craig and Tweek are there with two others. Kyle : Okay. since my dad's a lawyer, he says we can
data/scripts/Nobody_Got_Cereal?.md in ManBearPig or not, but I do know that I'm open to the idea of starting to worry. [he gets some applause and then sits down] Hugh : I think Stephen echoes a lot of our feelings right now. Scene Description : South Park Community Center, interior entrance. Satan bursts through the closed doors,"
"In the “Imaginationland” trilogy, which president is featured to assist in saving the fictional world?",George W. Bush.,"
data/scripts/Imaginationland,_Episode_III.md Imaginationland? Stan : So the terrorists can't ever use it against us again. Aslan : We can get Imaginationland under control; the Chosen One just needs more time! Stan : The Chosen One? Butters : Yeah, it turns out I'm the Key. Scene Description : The portal at the Pentagon. The nuclear warhead
data/scripts/Imaginationland,_Episode_III.md Luke Skywalker : What?

Butters : Wull why would they nuke Imaginationland?

Stan : So the terrorists can't ever use it against us again.

Aslan : We can get Imaginationland under control; the Chosen One just needs more time!

Stan : The Chosen One?

Butters : Yeah, it turns out I'm the Key.
data/scripts/Imaginationland,_Episode_III.md Scene Description : Imaginationland. Recaps from the other two episodes follow. First scene: Arrival at Imaginationland
data/scripts/Imaginationland,_Episode_II.md imaginary characters in all Imaginationland Scene Description : The meeting room. At a triangular table sit nine imaginary characters. On the left side of the table are Gandalf the Grey, Glinda the Good Witch, and Morpheus. On the right side are Zeus, Luke Skywalker, and Popeye the Sailor. Sitting
data/scripts/Imaginationland,_Episode_II.md help the terrorists get into Imaginationland! Honest! Perseus : That is for the Council of Nine to decide! Lollipop King : Don't worry, kid, the Council of Nine consists of some of the most highly-regarded imaginary characters in all Imaginationland Scene Description : The meeting room. At a
data/scripts/Imaginationland,_Episode_III.md Scene Description : Imaginationland. Recaps from the other two episodes follow. First scene: Arrival at Imaginationland Aslan : [voice only] Imaginationland... used to be a happy place. But then the terrorists attacked. [a shot of a terrorist blowing himself up, killing many imaginary creatures] And
data/scripts/Imaginationland,_Episode_II.md Butters : Please! I didn't help the terrorists get into Imaginationland! Honest!

Perseus : That is for the Council of Nine to decide!

Lollipop King : Don't worry, kid, the Council of Nine consists of some of the most highly-regarded imaginary characters in all Imaginationland
data/scripts/Imaginationland,_Episode_III.md I had the craziest dream! I, I saved all of Imaginationland from running wild after a terrorist attack! Steven : You WERE in Imaginationland, Butters! We've read all about it in the paper! The question is, what were you doing in Imaginationland when you were supposed to be helping your mother clean
data/scripts/Best_Friends_Forever.md and in need of someone who can single handedly bring the whole Dark Empire down. Basically, Kenny, you... are Keanu Reeves. [Kenny just sits there.]
data/scripts/Member_Berries.md to what it once was. I believe there's only one person capable of achieving this. [clicks on a handheld button and the picture behind him changes] J.J. Abrams. Senators : [murmuring among themselves] J.J. Abrams! Joe Biden : He saved Star Wars, and now we will ask him to save our country. Scene"
Which political figure is the target of South Park’s episode “The 2016 Election”?,Donald Trump.,"
data/scripts/Prehistoric_Ice_Man.md I think we're almost there, you guys. Scene Description : City Hall front lawn. The mayor is at the podium and a crowd of townspeople is watching. Mayor McDaniels : Aalll right, people. The next order of business is a very serious matter. We need to vote on whether South Park should reinstate the
data/scripts/The_City_Part_of_Town.md Mayor McDaniels : I've called you all here because South Park has an image problem. Thanks to Mr. Garrison we are now being referred to as the shit-heads of America. One of our more politically sensitive citizens has proposed an idea for this crisis and I'd like you to hear him out.
data/scripts/Here_Comes_the_Neighborhood.md Gerald, Jimbo, and Ned. Reporter : [not seen yet] A billion billionaires are gathering their ranks and will be marchng on the town square tonight [now seen on TV] in South Park to petition the end of separate bars, bus seating and restaurants. It looks like it will be a great turnout, as some of
data/scripts/Truth_and_Advertising.md demanding that all of South Park's community leaders step down. The PC frat brothers say they've gone now two days without eating any pussy, and will continue to do so until people resign. Tom : Who is that reporter? Do we... know him? Kevin : Tom, that's Bill Keegan, WCFO. Tom : Thanks, Brian.
data/scripts/Douche_and_Turd.md Scene Description : South Park Elementary, now a polling station. A ""Vote for School Mascot!"" hangs on the back wall and over the hallway. A reluctant Stan takes a ballot, and Kyle smiles, thinking he has Stan on his side.
data/scripts/Here_Comes_the_Neighborhood.md Millionaires : Yeah!

Mayor McDaniels : And I want to assure the nation that is watching that South Park is not a town of prejudice or bigotry.
data/scripts/Professor_Chaos.md has been chosen to be the replacement for Kenny? [six adults are then shown: Chef, Mr. Garrison, Jimbo, Officer Barbrady, Ms. Choksondik, and Mayor McDaniels] And which of these six South Park residents was killed, and will never be seen again? [a question mark appears on screen] The answer to
data/scripts/The_F_Word.md mean it differently or not! The town of South Park and its mayor have once again shown themselves to be completely out of touch with the progressive world!
data/scripts/A_Very_Crappy_Christmas.md Scene Description : South Park, The Mayor's office, day. The report is over

Mayor : [worried] Ogh! This is terrible, Johnson! Our whole town's economy is going right in the toilet! We've got to get everybody back in the Christmas spirit!
data/scripts/Prehistoric_Ice_Man.md Mayor McDaniels : Aalll right, people. The next order of business is a very serious matter. We need to vote on whether South Park should reinstate the death penalty or not. All those in favor, say ""yippee.""

Some people : Yippee."
Which historical figure does Cartman impersonate in the “The Cartman Show” episode?,The character of George Washington.,"
data/scripts/Dead_Kids.md Cartman : What do you mean?
data/scripts/Cartman's_Mom_is_Still_a_Dirty_Slut.md Scene Description : A shot of Cartman chowing down on cookies and milk. Announcer 1 : Who is Eric Cartman's father? At the end of this episode, you will know the answer. Scene Description : Opening warning and theme song. Much has been added. Then the episode resumes at the laboratory. Mephesto :
data/scripts/Best_Friends_Forever.md Cartman : [suddenly excited and cocky] Oh yeah! Oh yeah, baby! Who the man? Who the man?
data/scripts/Go_God_Go_XII.md Cartman : What?? Who the hell is this?!

Time Child : It's me.

Cartman : Me who?!

Time Child : Me you!

Cartman : What?!
data/scripts/Cartman's_Mom_is_Still_a_Dirty_Slut.md Scene Description : A shot of Cartman chowing down on cookies and milk.

Announcer 1 : Who is Eric Cartman's father? At the end of this episode, you will know the answer.

Scene Description : Opening warning and theme song. Much has been added. Then the episode resumes at the laboratory.
data/scripts/Sarcastaball.md Cartman : That's true.
data/scripts/The_Coon.md Cartman : [suddenly hopeful, looks at the TV] Wha, what?

Anchor : But who exactly is... Mysterion? [a silhouette appears, but it doesn't look like the Coon's]

Cartman : [angrily] What?!
data/scripts/The_Coon.md Cartman : And of course the most common question asked is, just who is he? [he's wearing a ""Who is the Coon?"" shirt] Is he a hero or a menace? [half the class is bored, and Clyde is asleep at his desk. Mr. Garrison reads quietly at his desk] While we can all admit that the Coon is obviously really
data/scripts/The_Coon.md Cartman : [voice over. He's seated alone on a merry-go-round] Which one of them is it? Somebody is dressing up and pretending to be a superhero! But who? Has to be one of the guys in my class, 'cause only they knew that the Coon would be on the rooftop of Walgreens. [shuts his eyes] No, stop. Can't
data/scripts/An_Elephant_Makes_Love_to_a_Pig.md Scene Description : Astonished looks from the other guys.

Stan : Cartman, what the hell are you talking about?!

Cartman : I'm just saying you're just a little wuss, that's all."
In which episode does the show parody the feud between Apple and Google regarding mobile phones?,"“The Smartphone” (Season 23, Episode 5).","
data/scripts/HUMANCENTiPAD.md Apple G-Men looks in] Apple Man 1 : Here he is! Kyle : AAHH! Apple Man 1 : Come on you! Gerald : Hey, what the heck is going on? Apple Man 1 : Your son has made a binding and legal agreement with Apple, sir. Gerald : An agreement to do what?! Apple Man 1 : Apple's inner workings are top secret to
data/scripts/Over_Logging.md Stephen : Anybody got a Blackberry? Check Drudge Report.

Randy : Good idea! [walks forward a bit and pulls out a Blackberry] No wait, we can't check Drudge Report: there's no Internet!

Mr. Garrison : [with pipe and laptop] There has to be a way to find out what's going on.
data/scripts/HUMANCENTiPAD.md Kyle : Dad! You tasered my dad!

Apple Man 1 : You said we could.

Scene Description : Best Buy, day. Cartman runs in with glee as his mom lags behind

Cartman : Okay, WiFi+3G, 64 gigs. This one, this one!

Liane : Oh, sweetie, $900?
data/scripts/Informative_Murder_Porn.md Stephen : Who do out children think they are?! Blocking our TV content?!

Mrs. Tweak : How are they able to do this with their smartphones?
data/scripts/HUMANCENTiPAD.md Cartman : Whoa! Cooool! [struts over to it, then presses some icons on the iPhone on Junichi's forehead.] Oh wooow! No waaay! [walks to the iPad on the woman's ass and presses some icons there.] It does e-mail and Web browsing, and it shits in Kyle's mouth?? This is the greatest thing that has ever
data/scripts/HUMANCENTiPAD.md Announcer : And now, the president of Apple, Steve Jobs! [Jobs walks onstage as the audience applauds, waves, and stops on his mark]
data/scripts/HUMANCENTiPAD.md over to it, then presses some icons on the iPhone on Junichi's forehead.] Oh wooow! No waaay! [walks to the iPad on the woman's ass and presses some icons there.] It does e-mail and Web browsing, and it shits in Kyle's mouth?? This is the greatest thing that has ever been invented!! Reporter 1 :
data/scripts/HUMANCENTiPAD.md Gerald : An agreement to do what?!

Apple Man 1 : Apple's inner workings are top secret to all users. You know how it is.

Gerald : No, I don't know how it is. I use a PC.

Apple Man 1 : [chuckles] You what?

Apple Man 4 : Come on, let's go!
data/scripts/Over_Logging.md there be no Internet anywhere? What's going on?! Stephen : Anybody got a Blackberry? Check Drudge Report. Randy : Good idea! [walks forward a bit and pulls out a Blackberry] No wait, we can't check Drudge Report: there's no Internet! Mr. Garrison : [with pipe and laptop] There has to be a way to
data/scripts/HUMANCENTiPAD.md Liane : Eric, we can't afford that one.

Cartman : Well you don't expect me to get the WiFi-only 16-gig version, do you?

Liane : I think we need to get you a different brand, hon. They're a little cheaper.

Cartman : Mom, everyone knows that everything but Apple is stupid!"
In which episode does South Park humorously explore the concept of fake news? –,"“The Fake News” (Season 23, Episode 4).","
data/scripts/Obama_Wins!.md Scene Description : South Park, later. The boys are sitting on the curb near Tele's, eating Chinese food

Stan : Well, we tried, dude.

Kyle : It just seems so unfair. People won't ever even know that the wrong man is in the White House.
data/scripts/Cartoon_Wars_Part_I.md Stan : Oh come on, people. You really think anybody's gonna be that pissed off about a cartoon??

Mr. Mackey : Wu-we've got the TV working! [the picture comes into focus]

Scene Description : South Park News 4, Anchor Tom reporting
data/scripts/The_City_Part_of_Town.md jaws dropped] ""Please open your shotguns and slap your wives!"" [a shot of Butters watching the show on the phone, in bed. He's crying quietly] ""I live in South Park and my IQ's so low I've got's ta dig for it. Hey, did someone say 'rape?' That's the word for 'clever' here in South Park"" [the camera
data/scripts/The_City_Part_of_Town.md ""Welcome to South Park University."" [a shot of Gerald and Sheila in bed, watching with jaws dropped] ""Please open your shotguns and slap your wives!"" [a shot of Butters watching the show on the phone, in bed. He's crying quietly] ""I live in South Park and my IQ's so low I've got's ta dig for it.
data/scripts/A_Very_Crappy_Christmas.md Assistant : [whispers into the anchor's ear] In South Park.

News Anchor : Oh really?

Scene Description : South Park, Cartman's house, day. The report is over
data/scripts/A_Very_Crappy_Christmas.md South Park, but at least our faith in each other remains strong. Assistant : [whispers into the anchor's ear] In South Park. News Anchor : Oh really? Scene Description : South Park, Cartman's house, day. The report is over Stan : Dude, change the channel. This is too depressing. [Cartman clicks the
data/scripts/Smug_Alert!.md Scene Description : South Park breaking news. Awesome graphics

Announcer : This is a South Park News Weather Bulletin!

Anchor Tom : It looks like we have a smug alert here in South Park. Our own Keenan Williams has the details. Keenan?
data/scripts/Time_To_Get_Cereal.md Scene Description : Kyle's room, evening. Kyle is typing away at his computer as Stan looks on.

Stan : Keep looking. There's a lot of people saying they saw it, Kyle. It's not just me.

Kyle : ""Evidence of the creature of South Park."" This is like a conspiracy Web site.
data/scripts/My_Future_Self_n'_Me.md [starts flipping channels, then settles on a news report, then walks away] Stan : It's just a show! It doesn't have any fucking effect on me, for fuck's sake! Grandpa Marvin : Oh goody. Now we can watch the news. Tom : In other news, South Park police are still looking for a craaazy man who
data/scripts/It_Hits_the_Fan.md Scene Description : South Park, bar, night. The men are gathered there once again

Announcer : Get ready for ""Must Shit TV""! Starting now, four straight hours of pure shit! It's all live!"
What is the name of the place where the boys first discover “Underpants Gnomes”? –,The Gnome’s headquarters located in the South Park forest.,"
data/scripts/South_ParQ_Vaccination_Special.md [looking at the Underpants Gnomes] I don't see you anywhere on the list. Gnome 1 : It's ""Gnomes"", ""Underpants Gnomes"". Gnome 2 : We are essential workers! Dr. Alphonse Mephesto : [from the back of the line] Yeah, yeah. Get in line with the rest of us! Walgreens Bouncer : Is anybody here actually on
data/scripts/Gnomes.md Stan : Yeah, I've never seen any underpants gnomes.

Tweek : They come out at 3:30 in the morning. Most people aren't up then, but I am. I can't sleep. Ever.

Kyle : Dude, we can't do a presentation on underpants gnomes. Mr. Garrison will fail us because you're making it up.
data/scripts/Gnomes.md : Great. A lot of help you are, kid. Tweek : The gnomes! Stan : What? Tweek : [gritting his teeth] We can do our report on the gnomes. Stan : What gnomes? Tweek : The underpants gnomes. The little guys that, that come into your room late, late at night and steal your underpants. Scene Description :
data/scripts/Gnomes.md go. Kyle : Dude, that's the dumbest thing I've ever heard. Stan : Yeah, I've never seen any underpants gnomes. Tweek : They come out at 3:30 in the morning. Most people aren't up then, but I am. I can't sleep. Ever. Kyle : Dude, we can't do a presentation on underpants gnomes. Mr. Garrison will
data/scripts/Gnomes.md Gnome : Well, we can explain that to you easily.

Gnome 2 : Yes, for a price.

Kyle : What?

Gnome : You know.

Stan : Underpants?

Gnomes : Underpants!

Scene Description : Harbucks, daytime. Prop. 10 supporters are out in force and Toto is performing.
data/scripts/Gnomes.md Scene Description : Shots of Kyle, Stan, then Cartman looking at Tweek.

Cartman : Oh, so that's where all my underpants go.

Kyle : Dude, that's the dumbest thing I've ever heard.

Stan : Yeah, I've never seen any underpants gnomes.
data/scripts/Gnomes.md Scene Description : Underground. The boys are still following the gnome. Stan : Damn, dude, this place is huge! Scene Description : Before them is a pile of underpants as tall as a man. Some of them are colored. Kyle : Yeah. It's almost as big as Cartman's ass. Cartman : [exhales] No it isn't, you
data/scripts/Gnomes.md or we're screwed. Gnome 2 : Christ, we squished him like a bug! Stan : Do you know anything about corporate takeovers? Gnome : Well, we can explain that to you easily. Gnome 2 : Yes, for a price. Kyle : What? Gnome : You know. Stan : Underpants? Gnomes : Underpants! Scene Description : Harbucks,
data/scripts/Gnomes.md these underpants that you steal? Gnome : Collecting underpants is just phase 1. Phase 1: collect underpants. Kyle : Sooo, what's phase 2? Gnome : [has no response. Looks around, then calls out to the other gnomes on the underpants mound] Hey, what's phase 2? Gnome 2 : Phase 1: we collect
data/scripts/Gnomes.md of underpants! [""Time to go to work, work all nightSearch for underpants, hey..."" The gnomes go for the door, and the boys hop off the bed to follow. One gnome stops and faces the boys] Kyle : Sshh, don't scare him. Stan : Hey there, little guy. Cartman : Bad! [whacks the gnome with a stick] Kyle :"
